Home,Away,HPPHPG,APPAPG,HPPG,APPG,HGPHPG,AGPAPG,HGTPG,AGTPG,HSPHPG,ASPAPG,HSPG,ASPG,HSTPG,ASTPG,HSTPHPG,HSTPAPG,O15HPG,O15APG,O25HPG,O25APG,HAD,H_Win,A_Win,FTG,O15,O25
Man United,Leicester,1.894736842,1.315789474,1.736842105,1.368421053,1.736842105,1.421052632,1.710526316,1.342105263,14.94736842,11.42105263,13.84210526,13.84210526,5.921052632,4.842105263,6.631578947,4.473684211,0.894736842,0.736842105,0.684210526,0.526315789,0,1,0,3,1,1
Bournemouth,Cardiff,1.526315789,0.736842105,1.184210526,0.894736842,1.578947368,0.684210526,1.473684211,0.894736842,12.05263158,9.842105263,11.76315789,11.76315789,4.289473684,3.315789474,4.315789474,3.052631579,0.789473684,0.368421053,0.578947368,0.368421053,0,1,0,2,1,0
Fulham,Crystal Palace,1.105263158,1.526315789,0.684210526,1.289473684,1.157894737,1.684210526,0.894736842,1.342105263,14.42105263,10.36842105,11.92105263,11.92105263,3.921052632,3.842105263,4.526315789,3.684210526,0.894736842,0.578947368,0.526315789,0.578947368,2,0,1,2,1,0
Huddersfield,Chelsea,0.473684211,1.578947368,0.421052632,1.894736842,0.526315789,1.263157895,0.578947368,1.657894737,10.68421053,14.78947368,10.52631579,10.52631579,3.105263158,5.210526316,3,4.210526316,0.631578947,0.631578947,0.421052632,0.631578947,2,0,1,3,1,1
Newcastle,Tottenham,1.315789474,1.736842105,1.184210526,1.868421053,1.263157895,1.736842105,1.105263158,1.763157895,14,12,11.68421053,11.68421053,3.736842105,4.973684211,4.210526316,4.421052632,0.789473684,0.631578947,0.578947368,0.631578947,2,0,1,3,1,1
Watford,Brighton,1.421052632,0.684210526,1.315789474,0.947368421,1.368421053,0.842105263,1.368421053,0.921052632,11.78947368,8.684210526,11.42105263,11.42105263,3.973684211,2.842105263,4.368421053,2.894736842,0.842105263,0.526315789,0.684210526,0.526315789,0,1,0,2,1,0
Wolves,Everton,1.789473684,1.052631579,1.5,1.421052632,1.473684211,1.263157895,1.236842105,1.421052632,14.05263158,11.36842105,12.47368421,12.47368421,3.973684211,4.447368421,4.473684211,4.421052632,0.842105263,0.526315789,0.368421053,0.526315789,1,0,0,4,1,1
Arsenal,Man City,2.368421053,2.315789474,1.842105263,2.578947368,2.210526316,2,1.921052632,2.5,13.47368421,15.63157895,12.26315789,12.26315789,4.473684211,6.842105263,5.052631579,5.894736842,0.947368421,0.473684211,0.421052632,0.473684211,2,0,1,2,1,0
Liverpool,West Ham,2.789473684,1.105263158,2.552631579,1.368421053,2.894736842,1.052631579,2.342105263,1.368421053,17.63157895,10.31578947,15.10526316,15.10526316,5.947368421,4.131578947,6.631578947,3.631578947,0.842105263,0.421052632,0.631578947,0.421052632,0,1,0,4,1,1
Southampton,Burnley,1.210526316,0.894736842,1.026315789,1.052631579,1.421052632,1.105263158,1.184210526,1.184210526,13.57894737,7.842105263,12.63157895,12.63157895,4.263157895,3.026315789,4.684210526,2.578947368,0.894736842,0.578947368,0.684210526,0.578947368,1,0,0,0,0,0
Cardiff,Newcastle,1.052631579,1.052631579,0.918918919,1.216216216,1.105263158,0.947368421,0.918918919,1.108108108,12.10526316,9.368421053,11,11,3.378378378,3.783783784,3.578947368,3.263157895,0.789473684,0.368421053,0.631578947,0.368421053,1,0,0,0,0,0
Chelsea,Arsenal,2.210526316,1.315789474,1.864864865,1.891891892,2.052631579,1.631578947,1.621621622,1.972972973,17.10526316,11.05263158,16.02702703,16.02702703,5.243243243,4.513513514,6.210526316,3.894736842,0.842105263,0.736842105,0.473684211,0.736842105,0,1,0,5,1,1
Everton,Southampton,1.789473684,0.842105263,1.432432432,1.027027027,1.578947368,0.947368421,1.405405405,1.216216216,14.68421053,11.68421053,13.21621622,13.21621622,4.432432432,4.297297297,4.473684211,3.842105263,0.789473684,0.526315789,0.421052632,0.526315789,0,1,0,3,1,1
Leicester,Wolves,1.421052632,1.210526316,1.405405405,1.513513514,1.263157895,1,1.351351351,1.216216216,15.68421053,10.89473684,13.56756757,13.56756757,4.864864865,3.972972973,5.210526316,3.473684211,0.736842105,0.368421053,0.473684211,0.368421053,0,1,0,2,1,0
Tottenham,Fulham,2,0.263157895,1.837837838,0.702702703,1.789473684,0.631578947,1.756756757,0.918918919,16.21052632,9.421052632,14.08108108,14.08108108,4.972972973,3.864864865,5.526315789,3.315789474,0.631578947,0.578947368,0.526315789,0.578947368,0,1,0,4,1,1
West Ham,Bournemouth,1.631578947,0.842105263,1.405405405,1.135135135,1.684210526,1.368421053,1.405405405,1.459459459,12.89473684,11.47368421,11.78378378,11.78378378,4.189189189,4.297297297,4.631578947,4.263157895,0.789473684,0.684210526,0.578947368,0.684210526,2,0,1,3,1,1
Brighton,Man United,1.210526316,1.578947368,0.972972973,1.702702703,1,1.684210526,0.945945946,1.702702703,10.52631579,12.73684211,9.702702703,9.702702703,2.918918919,5.918918919,2.789473684,5.210526316,0.631578947,0.684210526,0.421052632,0.684210526,0,1,0,5,1,1
Burnley,Watford,1.210526316,1.210526316,1.054054054,1.27027027,1.263157895,1.368421053,1.216216216,1.351351351,11.05263158,11.05263158,9.27027027,9.27027027,2.945945946,3.945945946,3.473684211,3.578947368,0.894736842,0.578947368,0.578947368,0.578947368,2,0,1,4,1,1
Man City,Huddersfield,2.842105263,0.368421053,2.567567568,0.432432432,3,0.631578947,2.513513514,0.594594595,20.31578947,10.36842105,18,18,6.810810811,3.162162162,7.789473684,3.210526316,0.842105263,0.473684211,0.736842105,0.473684211,0,1,0,7,1,1
Crystal Palace,Liverpool,1.052631579,2.315789474,1.243243243,2.540540541,1,1.789473684,1.324324324,2.297297297,15.47368421,12.57894737,13,13,3.702702703,5.891891892,4,5.263157895,0.631578947,0.473684211,0.315789474,0.473684211,2,0,1,2,1,0
Arsenal,West Ham,2.5,1.166666667,1.944444444,1.444444444,2.333333333,1.111111111,1.972222222,1.416666667,13.72222222,10.61111111,12.27777778,12.27777778,4.472222222,4.166666667,5.166666667,3.722222222,0.944444444,0.388888889,0.444444444,0.388888889,0,1,0,4,1,1
Bournemouth,Everton,1.444444444,1.055555556,1.083333333,1.388888889,1.555555556,1.222222222,1.444444444,1.388888889,12.05555556,11.66666667,11.75,11.75,4.277777778,4.361111111,4.333333333,4.388888889,0.777777778,0.5,0.611111111,0.5,1,0,0,4,1,1
Huddersfield,Cardiff,0.5,0.777777778,0.444444444,0.916666667,0.555555556,0.722222222,0.583333333,0.944444444,10.94444444,9.833333333,10.80555556,10.80555556,3.222222222,3.444444444,3.111111111,3.166666667,0.611111111,0.388888889,0.388888889,0.388888889,1,0,0,0,0,0
Liverpool,Brighton,2.777777778,0.722222222,2.527777778,0.916666667,2.833333333,0.888888889,2.305555556,0.888888889,17.61111111,8.833333333,15,15,5.888888889,2.916666667,6.555555556,3.055555556,0.833333333,0.555555556,0.611111111,0.555555556,0,1,0,1,0,0
Southampton,Leicester,1.222222222,1.388888889,1.055555556,1.361111111,1.5,1.444444444,1.222222222,1.333333333,13.33333333,11.33333333,12.41666667,12.41666667,4.305555556,4.944444444,4.777777778,4.5,0.944444444,0.5,0.722222222,0.5,2,0,1,3,1,1
Wolves,Man City,1.833333333,2.277777778,1.555555556,2.555555556,1.444444444,2,1.25,2.416666667,14.22222222,15.55555556,12.55555556,12.55555556,4,6.611111111,4.5,5.777777778,0.833333333,0.5,0.333333333,0.5,1,0,0,2,1,0
Fulham,Burnley,1.166666667,0.888888889,0.722222222,1.083333333,1.222222222,1.166666667,0.916666667,1.222222222,14.38888889,7.388888889,11.88888889,11.88888889,3.888888889,2.944444444,4.444444444,2.388888889,0.888888889,0.611111111,0.555555556,0.611111111,0,1,0,6,1,1
Newcastle,Chelsea,1.388888889,1.5,1.222222222,1.833333333,1.277777778,1.166666667,1.138888889,1.583333333,13.94444444,14.88888889,11.58333333,11.58333333,3.722222222,5.083333333,4.333333333,4.222222222,0.777777778,0.611111111,0.555555556,0.611111111,2,0,1,3,1,1
Watford,Crystal Palace,1.333333333,1.444444444,1.222222222,1.277777778,1.333333333,1.666666667,1.305555556,1.361111111,11.38888889,10.38888889,11.27777778,11.27777778,3.888888889,3.75,4.333333333,3.388888889,0.833333333,0.611111111,0.722222222,0.611111111,0,1,0,3,1,1
Man United,Tottenham,1.833333333,1.666666667,1.75,1.805555556,1.722222222,1.722222222,1.694444444,1.722222222,15.33333333,11.83333333,14.13888889,14.13888889,6,4.805555556,6.666666667,4.388888889,0.888888889,0.611111111,0.666666667,0.611111111,2,0,1,3,1,1
Brighton,Fulham,1.111111111,0.277777778,0.942857143,0.657142857,0.888888889,0.611111111,0.914285714,0.828571429,10.77777778,9.388888889,9.914285714,9.914285714,2.942857143,3.657142857,2.777777778,3.333333333,0.611111111,0.555555556,0.388888889,0.555555556,1,0,0,4,1,1
Chelsea,Bournemouth,2.166666667,0.722222222,1.8,1.085714286,2,1.333333333,1.571428571,1.428571429,16.72222222,11.44444444,15.82857143,15.82857143,5.142857143,4.257142857,5.944444444,4.222222222,0.833333333,0.666666667,0.444444444,0.666666667,0,1,0,2,1,0
Crystal Palace,Southampton,1.111111111,0.888888889,1.314285714,1.085714286,1.055555556,0.944444444,1.371428571,1.228571429,15.88888889,11.5,13.25714286,13.25714286,3.771428571,4.285714286,4.111111111,3.833333333,0.611111111,0.5,0.333333333,0.5,2,0,1,2,1,0
Everton,Huddersfield,1.722222222,0.388888889,1.4,0.428571429,1.555555556,0.611111111,1.371428571,0.6,14.77777778,10.66666667,13.28571429,13.28571429,4.4,3.285714286,4.333333333,3.333333333,0.777777778,0.444444444,0.388888889,0.444444444,1,0,0,2,1,0
Leicester,Liverpool,1.333333333,2.277777778,1.314285714,2.514285714,1.222222222,1.777777778,1.314285714,2.342857143,16.22222222,12.38888889,13.94285714,13.94285714,4.942857143,5.828571429,5.388888889,5.222222222,0.722222222,0.5,0.5,0.5,2,0,1,3,1,1
Man City,Newcastle,2.833333333,1.055555556,2.6,1.257142857,2.833333333,1,2.457142857,1.142857143,19.66666667,9.222222222,17.6,17.6,6.628571429,3.771428571,7.444444444,3.111111111,0.833333333,0.388888889,0.722222222,0.388888889,0,1,0,3,1,1
West Ham,Wolves,1.722222222,1.277777778,1.485714286,1.571428571,1.722222222,1.055555556,1.428571429,1.257142857,13,10.88888889,11.77142857,11.77142857,4.142857143,4.057142857,4.611111111,3.5,0.777777778,0.388888889,0.555555556,0.388888889,2,0,1,1,0,0
Burnley,Man United,1.277777778,1.666666667,1.114285714,1.8,1.277777778,1.666666667,1.2,1.742857143,11.22222222,12.94444444,9.228571429,9.228571429,2.971428571,6.028571429,3.5,5.333333333,0.888888889,0.666666667,0.555555556,0.666666667,2,0,1,2,1,0
Cardiff,Arsenal,1.055555556,1.388888889,0.914285714,1.914285714,1.166666667,1.611111111,0.971428571,1.942857143,12.11111111,10.83333333,10.88571429,10.88571429,3.428571429,4.314285714,3.722222222,3.777777778,0.833333333,0.722222222,0.666666667,0.722222222,2,0,1,5,1,1
Watford,Tottenham,1.235294118,1.588235294,1.171428571,1.771428571,1.294117647,1.647058824,1.285714286,1.685714286,11.29411765,12,11.22857143,11.22857143,3.857142857,4.8,4.294117647,4.352941176,0.823529412,0.588235294,0.705882353,0.588235294,0,1,0,3,1,1
Bournemouth,Leicester,1.470588235,1.294117647,1.117647059,1.352941176,1.529411765,1.411764706,1.470588235,1.323529412,11.76470588,11.52941176,11.70588235,11.70588235,4.352941176,4.941176471,4.294117647,4.470588235,0.764705882,0.470588235,0.588235294,0.470588235,0,1,0,6,1,1
Chelsea,Cardiff,2.117647059,0.764705882,1.764705882,0.941176471,2,0.764705882,1.558823529,0.941176471,16.29411765,9.588235294,15.58823529,15.58823529,5.117647059,3.441176471,5.941176471,3.117647059,0.823529412,0.411764706,0.470588235,0.411764706,0,1,0,5,1,1
Huddersfield,Crystal Palace,0.470588235,1.529411765,0.411764706,1.352941176,0.588235294,1.705882353,0.588235294,1.411764706,11.29411765,10.47058824,11.02941176,11.02941176,3.205882353,3.705882353,3.235294118,3.411764706,0.647058824,0.588235294,0.411764706,0.588235294,2,0,1,1,0,0
Man City,Fulham,2.823529412,0.235294118,2.588235294,0.647058824,2.882352941,0.529411765,2.470588235,0.794117647,19.41176471,9.352941176,17.41176471,17.41176471,6.588235294,3.617647059,7.411764706,3.235294118,0.823529412,0.529411765,0.705882353,0.529411765,0,1,0,3,1,1
Newcastle,Arsenal,1.470588235,1.294117647,1.294117647,1.882352941,1.294117647,1.529411765,1.147058824,1.911764706,14.41176471,10.47058824,12,12,3.823529412,4.117647059,4.470588235,3.352941176,0.764705882,0.705882353,0.529411765,0.705882353,2,0,1,3,1,1
Tottenham,Liverpool,1.944444444,2.235294118,1.823529412,2.5,1.722222222,1.764705882,1.705882353,2.352941176,15.72222222,12.52941176,14,14,4.882352941,5.882352941,5.222222222,5.294117647,0.611111111,0.470588235,0.5,0.470588235,2,0,1,3,1,1
Watford,Man United,1.125,1.588235294,1.117647059,1.764705882,1.25,1.647058824,1.264705882,1.735294118,11.5625,12.47058824,11.35294118,11.35294118,3.882352941,5.941176471,4.375,5.117647059,0.8125,0.705882353,0.6875,0.705882353,2,0,1,3,1,1
Everton,West Ham,1.764705882,1.235294118,1.411764706,1.529411765,1.588235294,1.117647059,1.382352941,1.470588235,15,10.47058824,13.35294118,13.35294118,4.5,4.176470588,4.529411765,3.647058824,0.764705882,0.352941176,0.411764706,0.352941176,2,0,1,4,1,1
Wolves,Burnley,1.882352941,0.941176471,1.529411765,1.147058824,1.470588235,1.117647059,1.264705882,1.235294118,14.41176471,7.117647059,12.52941176,12.52941176,4,3,4.647058824,2.411764706,0.823529412,0.588235294,0.352941176,0.588235294,0,1,0,1,0,0
Southampton,Brighton,1.294117647,0.764705882,1.029411765,0.941176471,1.529411765,0.941176471,1.205882353,0.882352941,13.47058824,9,12.26470588,12.26470588,4.235294118,2.882352941,4.764705882,3.117647059,0.941176471,0.588235294,0.705882353,0.588235294,1,0,0,4,1,1
Brighton,Tottenham,1.117647059,1.6875,0.939393939,1.878787879,0.823529412,1.6875,0.848484848,1.727272727,10.52941176,12.0625,9.696969697,9.696969697,2.848484848,4.939393939,2.647058824,4.5,0.588235294,0.5625,0.352941176,0.5625,2,0,1,3,1,1
Burnley,Bournemouth,1.352941176,0.764705882,1.181818182,1.060606061,1.352941176,1.411764706,1.272727273,1.393939394,11.35294118,11.64705882,9.303030303,9.303030303,3.03030303,4.333333333,3.588235294,4.411764706,0.882352941,0.705882353,0.588235294,0.705882353,0,1,0,4,1,1
Cardiff,Man City,1.117647059,2.352941176,0.96969697,2.575757576,1.117647059,2.058823529,0.939393939,2.454545455,12,15.41176471,10.93939394,10.93939394,3.484848485,6.515151515,3.764705882,5.764705882,0.823529412,0.529411765,0.647058824,0.529411765,2,0,1,5,1,1
Crystal Palace,Newcastle,1.176470588,1.117647059,1.303030303,1.333333333,1.117647059,1,1.424242424,1.151515152,15.64705882,9.588235294,13.24242424,13.24242424,3.757575758,3.878787879,4,3.176470588,0.588235294,0.352941176,0.352941176,0.352941176,1,0,0,0,0,0
Fulham,Watford,1.058823529,1.111111111,0.666666667,1.151515152,1.058823529,1.277777778,0.818181818,1.272727273,13.76470588,11.16666667,11.63636364,11.63636364,3.636363636,3.848484848,4,3.444444444,0.882352941,0.555555556,0.529411765,0.555555556,1,0,0,2,1,0
Leicester,Huddersfield,1.411764706,0.352941176,1.393939394,0.424242424,1.235294118,0.588235294,1.303030303,0.606060606,16.47058824,10.76470588,14,14,4.848484848,3.242424242,5.411764706,3.176470588,0.705882353,0.470588235,0.470588235,0.470588235,0,1,0,4,1,1
Liverpool,Southampton,2.764705882,0.764705882,2.484848485,1.03030303,2.941176471,0.882352941,2.363636364,1.181818182,17.35294118,11.05882353,14.87878788,14.87878788,5.757575758,4.212121212,6.470588235,3.705882353,0.882352941,0.529411765,0.647058824,0.529411765,0,1,0,3,1,1
Man United,Wolves,1.941176471,1.176470588,1.727272727,1.484848485,1.823529412,1.058823529,1.727272727,1.272727273,14.88235294,10.64705882,13.81818182,13.81818182,5.939393939,3.909090909,6.764705882,3.352941176,0.882352941,0.411764706,0.647058824,0.411764706,1,0,0,2,1,0
Arsenal,Everton,2.470588235,1.058823529,1.848484848,1.454545455,2.294117647,1.176470588,1.909090909,1.393939394,13.52941176,11.70588235,12,12,4.181818182,4.515151515,4.882352941,4.470588235,0.941176471,0.470588235,0.411764706,0.470588235,0,1,0,2,1,0
West Ham,Chelsea,1.823529412,1.411764706,1.484848485,1.727272727,1.823529412,1.117647059,1.424242424,1.484848485,13,14.88235294,11.81818182,11.81818182,4.181818182,5.060606061,4.705882353,4.294117647,0.823529412,0.588235294,0.588235294,0.588235294,1,0,0,0,0,0
Arsenal,Watford,2.4375,1.117647059,1.8125,1.15625,2.3125,1.294117647,1.90625,1.28125,13.8125,11.17647059,12.09375,12.09375,4.15625,3.78125,4.875,3.294117647,0.9375,0.588235294,0.4375,0.588235294,0,1,0,2,1,0
Chelsea,Liverpool,2.0625,2.1875,1.75,2.46875,1.875,1.75,1.53125,2.34375,16.1875,12.25,15.46875,15.46875,5.03125,5.8125,5.875,5,0.8125,0.4375,0.4375,0.4375,1,0,0,2,1,0
Everton,Fulham,1.875,0.25,1.5,0.65625,1.625,0.5625,1.4375,0.8125,14.9375,9.375,13.40625,13.40625,4.46875,3.65625,4.5625,3.25,0.75,0.5,0.375,0.5,0,1,0,3,1,1
Huddersfield,Tottenham,0.5,1.6,0.4375,1.84375,0.625,1.666666667,0.59375,1.71875,11.0625,11.8,10.96875,10.96875,3.28125,4.875,3.3125,4.333333333,0.6875,0.533333333,0.4375,0.533333333,2,0,1,2,1,0
Man City,Brighton,2.8125,0.75,2.5625,0.96875,2.875,0.875,2.375,0.84375,18.875,8.8125,16.96875,16.96875,6.40625,2.8125,7.3125,3.0625,0.8125,0.5625,0.6875,0.5625,0,1,0,2,1,0
Newcastle,Leicester,1.5625,1.375,1.34375,1.34375,1.3125,1.375,1.1875,1.25,15.0625,11.375,12.4375,12.4375,3.90625,4.75,4.625,4.25,0.75,0.4375,0.5,0.4375,2,0,1,2,1,0
West Ham,Man United,1.875,1.5,1.5,1.75,1.9375,1.625,1.46875,1.75,13.4375,12.6875,12,12,4.28125,5.9375,4.9375,5.0625,0.875,0.6875,0.625,0.6875,0,1,0,4,1,1
Wolves,Southampton,1.8125,0.8125,1.5,1.0625,1.5,0.9375,1.28125,1.21875,13.4375,11.3125,12.03125,12.03125,3.78125,4.3125,4.5,3.875,0.875,0.5,0.375,0.5,0,1,0,2,1,0
Cardiff,Burnley,1.1875,1,1,1.125,1.1875,1.1875,0.96875,1.1875,12.625,7.125,11.21875,11.21875,3.53125,2.96875,3.875,2.4375,0.8125,0.625,0.625,0.625,2,0,1,3,1,1
Bournemouth,Crystal Palace,1.375,1.4375,1.09375,1.3125,1.375,1.75,1.4375,1.46875,11.875,10.6875,11.53125,11.53125,4.3125,3.75,4.25,3.5,0.75,0.625,0.5625,0.625,0,1,0,3,1,1
Brighton,West Ham,1.1875,1.125,1,1.451612903,0.8125,1,0.870967742,1.419354839,10.6875,10.5625,9.935483871,9.935483871,2.870967742,4.322580645,2.5625,3.625,0.5625,0.3125,0.3125,0.3125,0,1,0,1,0,0
Burnley,Huddersfield,1.25,0.375,1.064516129,0.451612903,1.1875,0.5625,1.161290323,0.612903226,11.3125,10.875,9.419354839,9.419354839,3,3.225806452,3.5,3.25,0.875,0.4375,0.5625,0.4375,1,0,0,2,1,0
Crystal Palace,Wolves,1.1875,1.1875,1.35483871,1.451612903,1.1875,1.0625,1.483870968,1.258064516,15.625,10.625,13.25806452,13.25806452,3.806451613,3.709677419,4,3.0625,0.625,0.4375,0.375,0.4375,2,0,1,1,0,0
Leicester,Everton,1.3125,1.125,1.290322581,1.451612903,1.125,1.25,1.225806452,1.387096774,16.375,11.875,13.93548387,13.93548387,4.741935484,4.419354839,5.25,4.375,0.6875,0.5,0.4375,0.5,2,0,1,3,1,1
Man United,Newcastle,2,1.125,1.806451613,1.387096774,1.875,1.0625,1.774193548,1.225806452,14.875,9.8125,13.93548387,13.93548387,6,4,6.8125,3.1875,0.875,0.375,0.6875,0.375,0,1,0,5,1,1
Tottenham,Cardiff,2.058823529,0.8125,1.806451613,1.032258065,1.764705882,0.75,1.709677419,0.967741935,16,9.8125,14.16129032,14.16129032,4.838709677,3.483870968,5.352941176,3.1875,0.588235294,0.375,0.470588235,0.375,0,1,0,1,0,0
Watford,Bournemouth,1.2,0.8125,1.193548387,1.032258065,1.266666667,1.5,1.322580645,1.419354839,11.4,11.1875,11.22580645,11.22580645,3.774193548,4.290322581,4.333333333,4.375,0.8,0.6875,0.666666667,0.6875,2,0,1,4,1,1
Fulham,Arsenal,1.0625,1.1875,0.677419355,1.774193548,1.0625,1.5,0.838709677,1.903225806,13.6875,10.375,11.70967742,11.70967742,3.774193548,4.225806452,4.0625,3.4375,0.875,0.6875,0.5625,0.6875,2,0,1,6,1,1
Liverpool,Man City,2.75,2.3125,2.516129032,2.548387097,2.9375,1.875,2.387096774,2.387096774,17.6875,15.0625,15.03225806,15.03225806,5.806451613,6.35483871,6.625,5.5,0.875,0.5,0.625,0.5,1,0,0,0,0,0
Southampton,Chelsea,1.3125,1.4375,1.096774194,1.774193548,1.5,1.1875,1.258064516,1.548387097,13.4375,14.75,12.22580645,12.22580645,4.258064516,5.064516129,4.75,4.1875,0.9375,0.625,0.6875,0.625,2,0,1,3,1,1
Bournemouth,Southampton,1.266666667,0.866666667,0.966666667,1.133333333,1.333333333,1,1.333333333,1.3,11.93333333,10.93333333,11.6,11.6,4.2,4.2,4.2,3.733333333,0.733333333,0.533333333,0.533333333,0.533333333,1,0,0,0,0,0
Cardiff,Fulham,1.266666667,0.266666667,1.066666667,0.7,1.2,0.6,1,0.833333333,12.2,9.6,11.06666667,11.06666667,3.4,3.766666667,3.8,3.466666667,0.8,0.466666667,0.6,0.466666667,0,1,0,6,1,1
Chelsea,Man United,2.133333333,1.6,1.733333333,1.766666667,1.933333333,1.666666667,1.5,1.733333333,16.6,12.93333333,15.46666667,15.46666667,5.033333333,5.866666667,6,5.133333333,0.8,0.666666667,0.466666667,0.666666667,1,0,0,4,1,1
Huddersfield,Liverpool,0.533333333,2.266666667,0.433333333,2.566666667,0.666666667,1.8,0.6,2.466666667,11.2,12.2,10.76666667,10.76666667,3.266666667,5.933333333,3.2,4.933333333,0.666666667,0.466666667,0.466666667,0.466666667,2,0,1,1,0,0
Man City,Burnley,2.8,0.866666667,2.6,1.066666667,2.933333333,1.133333333,2.466666667,1.166666667,18.26666667,7.4,16.96666667,16.96666667,6.5,3,7.266666667,2.466666667,0.8,0.6,0.733333333,0.6,0,1,0,5,1,1
Newcastle,Brighton,1.666666667,0.8,1.433333333,0.933333333,1.4,0.933333333,1.2,0.866666667,15.66666667,9.133333333,12.63333333,12.63333333,3.866666667,2.833333333,4.866666667,3.2,0.733333333,0.6,0.533333333,0.6,2,0,1,1,0,0
West Ham,Tottenham,1.8,1.5,1.5,1.766666667,1.866666667,1.642857143,1.466666667,1.733333333,13.8,11.92857143,11.96666667,11.96666667,4.333333333,4.766666667,5.066666667,4.214285714,0.866666667,0.571428571,0.6,0.571428571,2,0,1,1,0,0
Wolves,Watford,1.733333333,1.1875,1.4,1.233333333,1.466666667,1.375,1.266666667,1.366666667,13.4,11.0625,12.13333333,12.13333333,3.766666667,3.833333333,4.4,3.25,0.866666667,0.625,0.4,0.625,2,0,1,2,1,0
Everton,Crystal Palace,1.8,1.533333333,1.4,1.4,1.533333333,1.8,1.366666667,1.533333333,14.66666667,10.73333333,13.1,13.1,4.3,3.8,4.466666667,3.6,0.733333333,0.6,0.333333333,0.6,0,1,0,2,1,0
Arsenal,Leicester,2.4,1.266666667,1.733333333,1.333333333,2.333333333,1.333333333,1.8,1.233333333,14.13333333,11.33333333,12.3,12.3,4.133333333,4.833333333,5.066666667,4.2,0.933333333,0.466666667,0.466666667,0.466666667,0,1,0,4,1,1
Brighton,Wolves,1.066666667,1.066666667,0.862068966,1.448275862,0.8,1.066666667,0.862068966,1.310344828,10.8,10.86666667,10.03448276,10.03448276,2.862068966,3.862068966,2.466666667,3.133333333,0.6,0.466666667,0.333333333,0.466666667,0,1,0,1,0,0
Fulham,Bournemouth,1.133333333,0.666666667,0.724137931,0.965517241,1.066666667,1.333333333,0.793103448,1.379310345,13.2,11.26666667,11.48275862,11.48275862,3.75862069,4.275862069,4.066666667,4.2,0.866666667,0.666666667,0.533333333,0.666666667,2,0,1,3,1,1
Leicester,West Ham,1.4,1.2,1.379310345,1.551724138,1.133333333,1.066666667,1.24137931,1.517241379,16.93333333,10.13333333,14.34482759,14.34482759,4.931034483,4.344827586,5.466666667,3.6,0.666666667,0.333333333,0.4,0.333333333,1,0,0,2,1,0
Liverpool,Cardiff,2.866666667,0.866666667,2.551724138,1,3.133333333,0.8,2.517241379,0.896551724,18.4,9.933333333,15.44827586,15.44827586,6.068965517,3.344827586,6.933333333,3,0.933333333,0.4,0.666666667,0.4,0,1,0,5,1,1
Southampton,Newcastle,1.4,1.2,1.137931034,1.482758621,1.6,1,1.344827586,1.24137931,13.33333333,9.6,12.27586207,12.27586207,4.206896552,3.793103448,4.666666667,2.866666667,0.933333333,0.333333333,0.666666667,0.333333333,1,0,0,0,0,0
Watford,Huddersfield,1.285714286,0.333333333,1.172413793,0.448275862,1.357142857,0.533333333,1.344827586,0.620689655,11.21428571,10.33333333,11.20689655,11.20689655,3.862068966,3.344827586,4.5,3.333333333,0.785714286,0.466666667,0.642857143,0.466666667,0,1,0,3,1,1
Burnley,Chelsea,1.266666667,1.333333333,1.103448276,1.75862069,1.2,1.066666667,1.206896552,1.482758621,11.66666667,14.33333333,9.689655172,9.689655172,3.103448276,5,3.533333333,4.066666667,0.866666667,0.6,0.6,0.6,2,0,1,4,1,1
Crystal Palace,Arsenal,1.266666667,1.066666667,1.448275862,1.689655172,1.266666667,1.266666667,1.586206897,1.75862069,15.93333333,10.46666667,13.55172414,13.55172414,3.827586207,4.068965517,4,3.2,0.666666667,0.666666667,0.4,0.666666667,1,0,0,4,1,1
Man United,Everton,1.933333333,1,1.793103448,1.344827586,1.8,1.2,1.724137931,1.344827586,14.66666667,11.53333333,14.03448276,14.03448276,5.931034483,4.310344828,6.6,4.133333333,0.866666667,0.466666667,0.666666667,0.466666667,0,1,0,3,1,1
Tottenham,Man City,2,2.4,1.724137931,2.586206897,1.8125,2,1.75862069,2.379310345,15.8125,15.66666667,14.13793103,14.13793103,4.862068966,6.379310345,5.25,5.733333333,0.625,0.533333333,0.5,0.533333333,2,0,1,1,0,0
Arsenal,Liverpool,2.357142857,2.214285714,1.714285714,2.535714286,2.285714286,1.857142857,1.75,2.464285714,13.78571429,12.28571429,12.25,12.25,4.142857143,6.035714286,5,5.142857143,0.928571429,0.5,0.428571429,0.5,1,0,0,2,1,0
Bournemouth,Man United,1.285714286,1.642857143,0.892857143,1.75,1.428571429,1.642857143,1.321428571,1.714285714,12.07142857,13.35714286,11.64285714,11.64285714,4.25,5.785714286,4.357142857,5.214285714,0.785714286,0.642857143,0.571428571,0.642857143,2,0,1,3,1,1
Cardiff,Leicester,1.142857143,1.357142857,1.035714286,1.392857143,1,1.357142857,0.892857143,1.25,11.5,11.57142857,11,11,3.428571429,4.857142857,3.714285714,4.357142857,0.785714286,0.428571429,0.571428571,0.428571429,2,0,1,1,0,0
Everton,Brighton,1.714285714,0.642857143,1.392857143,0.785714286,1.5,0.928571429,1.357142857,0.857142857,14.28571429,9.214285714,12.82142857,12.82142857,4.25,2.928571429,4.5,3.285714286,0.714285714,0.642857143,0.357142857,0.642857143,0,1,0,4,1,1
Newcastle,Watford,1.785714286,1.066666667,1.5,1.107142857,1.5,1.333333333,1.285714286,1.285714286,14.85714286,11.2,12.35714286,12.35714286,3.928571429,3.785714286,4.785714286,3.266666667,0.785714286,0.666666667,0.571428571,0.666666667,0,1,0,1,0,0
West Ham,Burnley,1.928571429,0.928571429,1.571428571,1.142857143,2,1.214285714,1.535714286,1.25,13.85714286,7.571428571,11.96428571,11.96428571,4.392857143,3.178571429,5.142857143,2.642857143,0.928571429,0.571428571,0.642857143,0.571428571,0,1,0,6,1,1
Wolves,Tottenham,1.857142857,1.384615385,1.5,1.785714286,1.571428571,1.692307692,1.357142857,1.821428571,13.64285714,12.07692308,11.75,11.75,3.75,5,4.642857143,4.384615385,0.857142857,0.615384615,0.428571429,0.615384615,2,0,1,5,1,1
Chelsea,Crystal Palace,2.214285714,1.642857143,1.714285714,1.464285714,1.928571429,1.928571429,1.392857143,1.571428571,16.28571429,11,14.96428571,14.96428571,4.892857143,3.857142857,6,3.642857143,0.785714286,0.642857143,0.428571429,0.642857143,0,1,0,4,1,1
Man City,Southampton,2.785714286,0.857142857,2.571428571,1.142857143,2.785714286,1.071428571,2.428571429,1.392857143,17.85714286,11.14285714,16.85714286,16.85714286,6.392857143,4.214285714,7.071428571,3.714285714,0.785714286,0.571428571,0.714285714,0.571428571,0,1,0,7,1,1
Huddersfield,Fulham,0.571428571,0.285714286,0.464285714,0.75,0.714285714,0.5,0.642857143,0.821428571,11.07142857,9.642857143,10.60714286,10.60714286,3.214285714,3.857142857,3.357142857,3.428571429,0.714285714,0.428571429,0.5,0.428571429,0,1,0,1,0,0
Cardiff,Brighton,1.230769231,0.692307692,1.074074074,0.814814815,1.076923077,0.923076923,0.925925926,0.851851852,11.53846154,9.538461538,11,11,3.481481481,2.925925926,3.846153846,3.307692308,0.846153846,0.615384615,0.615384615,0.615384615,0,1,0,3,1,1
Crystal Palace,Tottenham,1.285714286,1.25,1.518518519,1.740740741,1.214285714,1.583333333,1.592592593,1.777777778,15.92857143,12.25,13.7037037,13.7037037,3.925925926,4.888888889,4.071428571,4.083333333,0.642857143,0.583333333,0.357142857,0.583333333,2,0,1,1,0,0
Huddersfield,West Ham,0.384615385,1.214285714,0.37037037,1.518518519,0.692307692,1.071428571,0.62962963,1.444444444,11.15384615,10.07142857,10.62962963,10.62962963,3.259259259,4.185185185,3.461538462,3.642857143,0.769230769,0.357142857,0.538461538,0.357142857,1,0,0,2,1,0
Leicester,Burnley,1.428571429,1,1.333333333,1.185185185,1.142857143,1.153846154,1.259259259,1.222222222,16.64285714,7.692307692,14.14814815,14.14814815,4.851851852,3.185185185,5.357142857,2.615384615,0.642857143,0.538461538,0.428571429,0.538461538,1,0,0,0,0,0
Newcastle,Bournemouth,1.692307692,0.5,1.444444444,0.925925926,1.538461538,1.214285714,1.296296296,1.333333333,15.23076923,11.21428571,12.44444444,12.44444444,4,4.148148148,5,4.142857143,0.846153846,0.642857143,0.615384615,0.642857143,0,1,0,3,1,1
Southampton,Watford,1.428571429,1.142857143,1.185185185,1.148148148,1.714285714,1.428571429,1.407407407,1.333333333,12.71428571,10.85714286,11.92592593,11.92592593,4.148148148,3.888888889,4.714285714,3.428571429,1,0.714285714,0.714285714,0.714285714,1,0,0,2,1,0
Arsenal,Wolves,2.461538462,1.142857143,1.740740741,1.555555556,2.384615385,1.142857143,1.777777778,1.333333333,13.92307692,9.857142857,12.25925926,12.25925926,4.148148148,3.62962963,5.076923077,2.857142857,0.923076923,0.5,0.461538462,0.5,1,0,0,2,1,0
Chelsea,Everton,2.153846154,1.071428571,1.666666667,1.333333333,1.846153846,1.214285714,1.333333333,1.296296296,16.38461538,11.35714286,14.96296296,14.96296296,4.851851852,4.296296296,6,4,0.769230769,0.428571429,0.384615385,0.428571429,1,0,0,0,0,0
Liverpool,Fulham,2.857142857,0.307692308,2.592592593,0.777777778,3.071428571,0.538461538,2.518518519,0.851851852,18.35714286,9.846153846,15.40740741,15.40740741,6.111111111,3.962962963,6.928571429,3.615384615,0.928571429,0.461538462,0.642857143,0.461538462,0,1,0,2,1,0
Man City,Man United,2.769230769,1.538461538,2.555555556,1.703703704,2.538461538,1.615384615,2.296296296,1.703703704,17.84615385,13,16.81481481,16.81481481,6.333333333,5.703703704,7,5,0.769230769,0.615384615,0.692307692,0.615384615,0,1,0,4,1,1
Brighton,Leicester,0.928571429,1.230769231,0.846153846,1.346153846,0.785714286,1.384615385,0.846153846,1.307692308,11.42857143,11.46153846,10.65384615,10.65384615,2.923076923,4.846153846,2.571428571,4.307692308,0.642857143,0.461538462,0.357142857,0.461538462,1,0,0,2,1,0
Everton,Cardiff,1.615384615,0.928571429,1.346153846,1,1.384615385,0.785714286,1.346153846,0.884615385,14.30769231,10.5,13.03846154,13.03846154,4.423076923,3.384615385,4.615384615,3.142857143,0.692307692,0.357142857,0.307692308,0.357142857,0,1,0,1,0,0
Fulham,Southampton,1.214285714,0.923076923,0.807692308,1.192307692,1.142857143,1.076923077,0.884615385,1.423076923,13.35714286,11.07692308,11.80769231,11.80769231,4,4.153846154,4.285714286,3.538461538,0.857142857,0.538461538,0.5,0.538461538,0,1,0,5,1,1
Man United,Crystal Palace,1.857142857,1.769230769,1.769230769,1.576923077,1.785714286,2,1.730769231,1.653846154,14.71428571,11.30769231,14.19230769,14.19230769,5.884615385,3.923076923,6.357142857,3.769230769,0.857142857,0.615384615,0.642857143,0.615384615,1,0,0,0,0,0
Tottenham,Chelsea,2.133333333,1.214285714,1.692307692,1.692307692,1.933333333,0.857142857,1.807692308,1.384615385,16.6,13.64285714,14.80769231,14.80769231,5,4.884615385,5.533333333,3.785714286,0.666666667,0.571428571,0.533333333,0.571428571,0,1,0,4,1,1
Watford,Liverpool,1.153846154,2.307692308,1.153846154,2.576923077,1.230769231,1.923076923,1.346153846,2.538461538,11.15384615,12.23076923,10.96153846,10.96153846,3.807692308,6.076923077,4.384615385,5.230769231,0.769230769,0.538461538,0.615384615,0.538461538,2,0,1,3,1,1
West Ham,Man City,1.846153846,2.357142857,1.538461538,2.538461538,1.846153846,2.071428571,1.461538462,2.269230769,13.23076923,15.85714286,11.57692308,11.57692308,4.153846154,6.384615385,4.769230769,5.714285714,0.923076923,0.571428571,0.615384615,0.571428571,2,0,1,4,1,1
Bournemouth,Arsenal,1.384615385,1.071428571,0.961538462,1.769230769,1.461538462,1.214285714,1.346153846,1.807692308,11.61538462,10.71428571,11.30769231,11.30769231,4.153846154,4.192307692,4.153846154,3.285714286,0.769230769,0.642857143,0.538461538,0.642857143,2,0,1,3,1,1
Wolves,Huddersfield,2,0.357142857,1.576923077,0.346153846,1.538461538,0.571428571,1.346153846,0.615384615,13.46153846,10.14285714,11.57692308,11.57692308,3.576923077,3.115384615,4.461538462,3.071428571,0.846153846,0.428571429,0.384615385,0.428571429,2,0,1,2,1,0
Burnley,Newcastle,1.357142857,1.214285714,1.192307692,1.384615385,1.285714286,1.071428571,1.269230769,1.269230769,12,9.857142857,10.07692308,10.07692308,3.269230769,3.923076923,3.714285714,3.071428571,0.857142857,0.357142857,0.571428571,0.357142857,2,0,1,3,1,1
Cardiff,Wolves,1.083333333,1.153846154,1.04,1.64,1,1.153846154,0.92,1.4,10.83333333,9.692307692,10.8,10.8,3.48,3.6,3.666666667,2.692307692,0.833333333,0.538461538,0.583333333,0.538461538,0,1,0,3,1,1
Crystal Palace,Burnley,1.384615385,1,1.6,1.24,1.307692308,1.25,1.72,1.28,16.30769231,7.833333333,13.84,13.84,4,3.24,4.076923077,2.75,0.692307692,0.583333333,0.384615385,0.583333333,0,1,0,2,1,0
Huddersfield,Brighton,0.333333333,0.75,0.24,0.84,0.666666667,0.916666667,0.56,0.84,10.83333333,9.75,10.32,10.32,3,2.92,3.166666667,3.333333333,0.75,0.583333333,0.583333333,0.583333333,2,0,1,3,1,1
Leicester,Watford,1.461538462,1.153846154,1.36,1.2,1.230769231,1.461538462,1.32,1.4,16.23076923,10.76923077,14.08,14.08,4.92,3.92,5.384615385,3.230769231,0.692307692,0.769230769,0.461538462,0.769230769,0,1,0,2,1,0
Man City,Bournemouth,2.75,0.538461538,2.52,1,2.5,1.230769231,2.2,1.36,17.91666667,11,17.12,17.12,6.4,4.12,7.166666667,4.153846154,0.75,0.615384615,0.666666667,0.615384615,0,1,0,4,1,1
Newcastle,West Ham,1.583333333,1.230769231,1.32,1.6,1.5,1.076923077,1.24,1.52,15,9.923076923,12.04,12.04,3.96,4.28,4.916666667,3.538461538,0.833333333,0.384615385,0.583333333,0.384615385,2,0,1,3,1,1
Southampton,Man United,1.461538462,1.666666667,1.24,1.8,1.769230769,1.666666667,1.4,1.8,12.61538462,13.58333333,11.56,11.56,4,5.92,4.769230769,5.333333333,1,0.583333333,0.769230769,0.583333333,1,0,0,4,1,1
Arsenal,Tottenham,2.583333333,1.090909091,1.72,1.64,2.5,1.636363636,1.8,1.76,14.25,12.36363636,12.04,12.04,4.2,4.84,5.25,4.272727273,0.916666667,0.636363636,0.5,0.636363636,0,1,0,6,1,1
Chelsea,Fulham,2.25,0.333333333,1.76,0.72,2,0.583333333,1.4,0.8,16.5,10,15.04,15.04,5,3.96,6.166666667,3.666666667,0.833333333,0.5,0.416666667,0.5,0,1,0,2,1,0
Liverpool,Everton,2.846153846,1.076923077,2.56,1.28,3.153846154,1.307692308,2.52,1.36,18.23076923,11.76923077,15.44,15.44,6.04,4.28,6.923076923,4.230769231,0.923076923,0.461538462,0.692307692,0.461538462,0,1,0,1,0,0
Bournemouth,Huddersfield,1.5,0.153846154,1.041666667,0.25,1.5,0.461538462,1.375,0.541666667,11.66666667,9.846153846,11.625,11.625,4.25,3.041666667,4.083333333,2.846153846,0.75,0.461538462,0.5,0.461538462,0,1,0,3,1,1
Brighton,Crystal Palace,0.923076923,1.833333333,0.75,1.541666667,0.769230769,2.166666667,0.791666667,1.708333333,11.23076923,11.16666667,10.375,10.375,2.791666667,3.791666667,2.538461538,3.916666667,0.615384615,0.666666667,0.384615385,0.666666667,0,1,0,4,1,1
Watford,Man City,1.25,2.307692308,1.25,2.5,1.333333333,1.923076923,1.458333333,2.166666667,11.66666667,16.38461538,11.33333333,11.33333333,4.083333333,6.416666667,4.666666667,5.692307692,0.75,0.538461538,0.583333333,0.538461538,2,0,1,3,1,1
West Ham,Cardiff,2,1,1.541666667,0.958333333,2,0.846153846,1.458333333,0.875,13.58333333,10.76923077,11.875,11.875,4.291666667,3.5,5.083333333,3.307692308,0.916666667,0.384615385,0.583333333,0.384615385,0,1,0,4,1,1
Burnley,Liverpool,1.461538462,2.25,1.291666667,2.541666667,1.307692308,1.833333333,1.333333333,2.583333333,11.84615385,12.41666667,10.16666667,10.16666667,3.375,6.166666667,3.692307692,5.083333333,0.846153846,0.5,0.538461538,0.5,2,0,1,4,1,1
Everton,Newcastle,1.5,1.076923077,1.333333333,1.375,1.416666667,1,1.416666667,1.291666667,14.16666667,9.307692308,13.08333333,13.08333333,4.333333333,3.958333333,4.333333333,3.076923077,0.75,0.307692308,0.333333333,0.307692308,1,0,0,2,1,0
Fulham,Leicester,1.076923077,1.25,0.75,1.291666667,1,1.416666667,0.833333333,1.291666667,13.61538462,11.75,12,12,3.958333333,5,4.230769231,4.416666667,0.846153846,0.5,0.461538462,0.5,1,0,0,2,1,0
Man United,Arsenal,1.923076923,0.923076923,1.833333333,1.666666667,1.923076923,1.153846154,1.791666667,1.708333333,14.92307692,10,14.41666667,14.41666667,5.958333333,4.083333333,6.461538462,3.230769231,0.923076923,0.615384615,0.692307692,0.615384615,1,0,0,4,1,1
Tottenham,Southampton,2.071428571,1,1.708333333,1.25,1.857142857,1,1.75,1.375,16.5,10.41666667,14.83333333,14.83333333,4.791666667,3.916666667,5.285714286,3.166666667,0.642857143,0.5,0.5,0.5,0,1,0,4,1,1
Wolves,Chelsea,2.166666667,1.307692308,1.708333333,1.708333333,1.666666667,0.846153846,1.416666667,1.375,13.58333333,13.69230769,11.41666667,11.41666667,3.583333333,4.833333333,4.583333333,3.923076923,0.833333333,0.538461538,0.416666667,0.538461538,0,1,0,3,1,1
Arsenal,Huddersfield,2.545454545,0.166666667,1.695652174,0.260869565,2.363636364,0.416666667,1.695652174,0.52173913,13.54545455,8.75,11.73913043,11.73913043,4.086956522,2.913043478,5.090909091,2.583333333,0.909090909,0.416666667,0.454545455,0.416666667,0,1,0,1,0,0
Bournemouth,Liverpool,1.363636364,2.181818182,0.956521739,2.52173913,1.454545455,1.727272727,1.347826087,2.565217391,12.18181818,11.90909091,11.86956522,11.86956522,4.347826087,5.913043478,4.272727273,4.454545455,0.727272727,0.454545455,0.454545455,0.454545455,2,0,1,4,1,1
Burnley,Brighton,1.583333333,0.545454545,1.347826087,0.652173913,1.333333333,0.818181818,1.347826087,0.695652174,12,9.363636364,10.17391304,10.17391304,3.260869565,2.782608696,3.5,3.090909091,0.833333333,0.545454545,0.5,0.545454545,0,1,0,1,0,0
Cardiff,Southampton,0.909090909,1.090909091,1,1.304347826,0.909090909,1,0.869565217,1.391304348,10.27272727,9.727272727,10.60869565,10.60869565,3.434782609,3.869565217,3.727272727,3,0.818181818,0.454545455,0.545454545,0.454545455,0,1,0,1,0,0
Chelsea,Man City,2.181818182,2.25,1.782608696,2.47826087,2,1.916666667,1.391304348,2.173913043,16.54545455,16.5,14.91304348,14.91304348,4.913043478,6.391304348,5.909090909,5.583333333,0.818181818,0.5,0.454545455,0.5,0,1,0,2,1,0
Leicester,Tottenham,1.333333333,1.2,1.304347826,1.652173913,1.166666667,1.6,1.304347826,1.695652174,17,12.5,14.43478261,14.43478261,5,4.652173913,5.583333333,4.1,0.666666667,0.6,0.5,0.6,2,0,1,2,1,0
Man United,Fulham,2,0.363636364,1.869565217,0.739130435,1.916666667,0.636363636,1.782608696,0.826086957,15.33333333,10.09090909,14.60869565,14.60869565,5.913043478,3.826086957,6.416666667,3.636363636,0.916666667,0.545454545,0.666666667,0.545454545,0,1,0,5,1,1
West Ham,Crystal Palace,1.909090909,2,1.47826087,1.608695652,1.909090909,2.272727273,1.391304348,1.739130435,13.27272727,10.54545455,11.65217391,11.65217391,4,3.739130435,4.545454545,3.818181818,0.909090909,0.636363636,0.545454545,0.636363636,0,1,0,5,1,1
Newcastle,Wolves,1.727272727,1.25,1.391304348,1.652173913,1.636363636,1.166666667,1.304347826,1.391304348,14.90909091,9.25,12.04347826,12.04347826,3.913043478,3.652173913,5,2.583333333,0.818181818,0.5,0.545454545,0.5,2,0,1,3,1,1
Everton,Watford,1.545454545,1.25,1.347826087,1.304347826,1.454545455,1.583333333,1.434782609,1.47826087,13.72727273,11,12.82608696,12.82608696,4.391304348,3.956521739,4.454545455,3.5,0.727272727,0.833333333,0.363636364,0.833333333,1,0,0,4,1,1
Crystal Palace,Leicester,1.25,1.272727273,1.681818182,1.363636364,1.25,1.454545455,1.727272727,1.363636364,15.25,11.63636364,13.22727273,13.22727273,3.727272727,5.090909091,3.666666667,4.363636364,0.666666667,0.545454545,0.416666667,0.545454545,0,1,0,1,0,0
Fulham,West Ham,1.083333333,1.083333333,0.772727273,1.409090909,1,0.916666667,0.818181818,1.318181818,12.66666667,10.16666667,11.5,11.5,3.818181818,3.909090909,4,3.5,0.833333333,0.333333333,0.5,0.333333333,2,0,1,2,1,0
Huddersfield,Newcastle,0.363636364,1.083333333,0.272727273,1.454545455,0.636363636,1,0.545454545,1.318181818,11.18181818,9.416666667,10.09090909,10.09090909,3.045454545,3.909090909,3.272727273,2.916666667,0.727272727,0.333333333,0.545454545,0.333333333,2,0,1,1,0,0
Man City,Everton,2.727272727,1.166666667,2.590909091,1.363636364,2.454545455,1.416666667,2.272727273,1.409090909,18.09090909,12,17.40909091,17.40909091,6.5,4.363636364,7.272727273,4.333333333,0.727272727,0.5,0.636363636,0.5,0,1,0,4,1,1
Tottenham,Burnley,2,1.090909091,1.590909091,1.272727273,1.769230769,1.363636364,1.681818182,1.363636364,16.76923077,8.181818182,15.27272727,15.27272727,4.772727273,3.227272727,5.076923077,3,0.615384615,0.636363636,0.461538462,0.636363636,0,1,0,1,0,0
Watford,Cardiff,1.363636364,1.083333333,1.318181818,0.909090909,1.363636364,0.833333333,1.454545455,0.863636364,11.72727273,10.91666667,11.18181818,11.18181818,4,3.409090909,4.454545455,3.166666667,0.727272727,0.333333333,0.545454545,0.333333333,0,1,0,5,1,1
Wolves,Bournemouth,2.090909091,0.583333333,1.590909091,1,1.636363636,1.25,1.363636364,1.409090909,14.27272727,11.58333333,11.59090909,11.59090909,3.545454545,4.454545455,4.818181818,4.416666667,0.818181818,0.583333333,0.363636364,0.583333333,0,1,0,2,1,0
Brighton,Chelsea,0.75,1.416666667,0.681818182,1.727272727,0.583333333,0.833333333,0.727272727,1.363636364,11.41666667,13.41666667,10.27272727,10.27272727,2.863636364,4.909090909,2.5,4,0.583333333,0.5,0.333333333,0.5,2,0,1,3,1,1
Liverpool,Man United,2.833333333,1.727272727,2.5,1.818181818,3.333333333,1.636363636,2.5,1.681818182,18.41666667,13.81818182,15.54545455,15.54545455,6,5.681818182,7.25,5.363636364,1,0.545454545,0.75,0.545454545,0,1,0,4,1,1
Southampton,Arsenal,1.5,0.916666667,1.363636364,1.636363636,1.75,1.083333333,1.454545455,1.727272727,12.33333333,10.08333333,11.04545455,11.04545455,4,4.181818182,4.666666667,3.166666667,1,0.583333333,0.75,0.583333333,0,1,0,5,1,1
Wolves,Liverpool,2,2.1,1.523809524,2.476190476,1.6,1.5,1.333333333,2.476190476,14.8,12.1,11.71428571,11.71428571,3.571428571,5.761904762,5,4.5,0.8,0.4,0.4,0.4,2,0,1,2,1,0
Arsenal,Burnley,2.5,1.2,1.714285714,1.333333333,2.5,1.5,1.714285714,1.428571429,13.5,8.6,11.57142857,11.57142857,4.19047619,3.380952381,5.4,3.3,1,0.7,0.5,0.7,0,1,0,4,1,1
Bournemouth,Brighton,1.5,0.6,1.047619048,0.714285714,1.6,0.9,1.476190476,0.714285714,12.6,8.9,12,12,4.523809524,2.904761905,4.5,3.3,0.7,0.6,0.4,0.6,0,1,0,2,1,0
Cardiff,Man United,0.7,1.9,0.952380952,1.904761905,0.9,1.7,0.80952381,1.714285714,10,14.6,10.52380952,10.52380952,3.428571429,5.857142857,3.7,5.7,0.9,0.5,0.6,0.5,2,0,1,6,1,1
Chelsea,Leicester,2.1,1.4,1.666666667,1.428571429,2,1.6,1.333333333,1.428571429,17.4,11.6,15.47619048,15.47619048,5,5.238095238,6,4.6,0.8,0.6,0.5,0.6,2,0,1,1,0,0
Huddersfield,Southampton,0.4,1.2,0.285714286,1.285714286,0.7,1.1,0.571428571,1.380952381,10.8,9.5,9.857142857,9.857142857,2.952380952,3.857142857,3.1,3.2,0.8,0.5,0.6,0.5,2,0,1,4,1,1
Man City,Crystal Palace,2.7,2.2,2.571428571,1.619047619,2.4,2.3,2.238095238,1.761904762,18.6,10.8,17.61904762,17.61904762,6.571428571,3.857142857,7.5,3.8,0.7,0.6,0.6,0.6,2,0,1,5,1,1
Newcastle,Fulham,1.9,0.4,1.380952381,0.80952381,1.7,0.6,1.333333333,0.857142857,15.2,10.1,12.23809524,12.23809524,3.857142857,3.80952381,5.1,3.6,0.8,0.5,0.5,0.5,1,0,0,0,0,0
West Ham,Watford,1.8,1.272727273,1.333333333,1.238095238,1.8,1.545454545,1.285714286,1.380952381,13.3,10.63636364,11.85714286,11.85714286,3.952380952,3.80952381,4.4,3.545454545,0.9,0.818181818,0.5,0.818181818,2,0,1,2,1,0
Everton,Tottenham,1.6,1,1.428571429,1.523809524,1.4,1.555555556,1.428571429,1.714285714,13.9,13.11111111,13.04761905,13.04761905,4.476190476,4.857142857,4.4,4.333333333,0.7,0.666666667,0.3,0.666666667,2,0,1,8,1,1
Brighton,Arsenal,0.818181818,1,0.75,1.65,0.545454545,1,0.75,1.65,11.90909091,9.818181818,10.5,10.5,2.8,4.1,2.545454545,3.090909091,0.545454545,0.545454545,0.272727273,0.545454545,1,0,0,2,1,0
Burnley,Everton,1.454545455,1.272727273,1.4,1.5,1.363636364,1.454545455,1.45,1.4,11.81818182,12.27272727,10.45,10.45,3.45,4.55,3.454545455,4.545454545,0.909090909,0.454545455,0.545454545,0.454545455,2,0,1,6,1,1
Crystal Palace,Cardiff,1.090909091,1.181818182,1.55,1,1.272727273,0.727272727,1.7,0.8,15.90909091,11,13.9,13.9,3.9,3.45,3.909090909,3.181818182,0.727272727,0.272727273,0.454545455,0.272727273,1,0,0,0,0,0
Fulham,Wolves,1.181818182,1.090909091,0.8,1.6,1.090909091,1.090909091,0.9,1.4,12.36363636,8.909090909,11.65,11.65,3.9,3.5,4,2.272727273,0.818181818,0.454545455,0.545454545,0.454545455,1,0,0,2,1,0
Leicester,Man City,1.454545455,2.454545455,1.35,2.7,1.272727273,2.090909091,1.45,2.25,17.54545455,16.72727273,15.05,15.05,5.35,6.65,5.818181818,5.727272727,0.636363636,0.545454545,0.545454545,0.545454545,0,1,0,3,1,1
Liverpool,Newcastle,2.818181818,0.909090909,2.45,1.4,3.363636364,1,2.5,1.4,16.81818182,9.545454545,14.55,14.55,5.75,4.05,6.909090909,2.727272727,1,0.363636364,0.727272727,0.363636364,0,1,0,4,1,1
Man United,Huddersfield,1.909090909,0.181818182,1.85,0.3,1.727272727,0.454545455,1.55,0.55,14.90909091,9,14.65,14.65,5.7,2.85,6,2.818181818,0.909090909,0.454545455,0.636363636,0.454545455,0,1,0,4,1,1
Tottenham,Bournemouth,1.916666667,0.636363636,1.45,0.95,1.833333333,1.363636364,1.5,1.45,16.91666667,11.45454545,15.2,15.2,4.7,4.6,5.25,4.545454545,0.666666667,0.636363636,0.5,0.636363636,0,1,0,5,1,1
Watford,Chelsea,1.2,1.272727273,1.15,1.75,1.2,0.727272727,1.35,1.4,11.2,13.72727273,10.9,10.9,3.75,5,4.1,4.090909091,0.7,0.454545455,0.5,0.454545455,2,0,1,3,1,1
Southampton,West Ham,1.363636364,0.909090909,1.2,1.4,1.636363636,0.818181818,1.3,1.35,12.36363636,10.54545455,10.9,10.9,3.75,3.8,4.454545455,3.545454545,1,0.363636364,0.727272727,0.363636364,2,0,1,3,1,1
Brighton,Everton,0.8,1.1,0.736842105,1.421052632,0.5,1.1,0.736842105,1.210526316,11.9,12.2,10.42105263,10.42105263,2.789473684,4.473684211,2.5,4.4,0.5,0.4,0.3,0.4,0,1,0,1,0,0
Fulham,Huddersfield,1.2,0.2,0.789473684,0.315789474,1.1,0.4,0.894736842,0.526315789,12.5,8.9,11.68421053,11.68421053,3.631578947,2.894736842,3.5,2.9,0.8,0.4,0.6,0.4,0,1,0,1,0,0
Leicester,Cardiff,1.3,1.2,1.263157895,1,1.2,0.8,1.421052632,0.842105263,18.3,11.2,15.31578947,15.31578947,5.368421053,3.421052632,5.9,3.1,0.6,0.3,0.5,0.3,2,0,1,1,0,0
Liverpool,Arsenal,2.8,1,2.421052632,1.684210526,3.3,1,2.421052632,1.684210526,16.9,10.1,14.47368421,14.47368421,5.631578947,4.105263158,6.8,3,1,0.6,0.7,0.6,0,1,0,6,1,1
Tottenham,Wolves,1.818181818,1.1,1.368421053,1.631578947,1.545454545,1.1,1.315789474,1.421052632,17.54545455,8.4,15.47368421,15.47368421,4.578947368,3.421052632,5.090909091,2,0.636363636,0.5,0.454545455,0.5,2,0,1,4,1,1
Watford,Newcastle,1.333333333,1,1.210526316,1.473684211,1.222222222,1.1,1.368421053,1.473684211,11.33333333,9.9,10.94736842,10.94736842,3.842105263,4.157894737,4.333333333,2.8,0.666666667,0.3,0.444444444,0.3,1,0,0,2,1,0
Burnley,West Ham,1.6,0.7,1.473684211,1.315789474,1.4,0.7,1.473684211,1.315789474,11.9,10,10.42105263,10.42105263,3.421052632,3.736842105,3.4,3.4,0.9,0.3,0.5,0.3,0,1,0,2,1,0
Crystal Palace,Chelsea,1.1,1.1,1.578947368,1.684210526,1.4,0.6,1.789473684,1.368421053,14.4,14.1,13,13,3.842105263,5.052631579,3.8,4.1,0.8,0.4,0.5,0.4,2,0,1,1,0,0
Man United,Bournemouth,1.8,0.7,1.789473684,1,1.6,1.5,1.473684211,1.526315789,14.8,11.2,14.57894737,14.57894737,5.473684211,4.631578947,5.6,4.6,0.9,0.6,0.6,0.6,0,1,0,5,1,1
Southampton,Man City,1.5,2.7,1.263157895,2.842105263,1.7,2.2,1.315789474,2.315789474,12.5,17.3,10.89473684,10.89473684,3.684210526,6.789473684,4.4,5.9,1,0.5,0.7,0.5,2,0,1,4,1,1
Arsenal,Fulham,2.444444444,0.333333333,1.777777778,0.666666667,2.444444444,0.666666667,1.722222222,0.888888889,13.88888889,10.77777778,12.11111111,12.11111111,4.222222222,3.555555556,5.333333333,3.777777778,1,0.555555556,0.444444444,0.555555556,0,1,0,5,1,1
Cardiff,Tottenham,0.777777778,0.75,0.888888889,1.444444444,0.888888889,1,0.833333333,1.333333333,10.11111111,12.625,10.61111111,10.61111111,3.444444444,4.666666667,3.777777778,3.875,0.888888889,0.625,0.555555556,0.625,2,0,1,3,1,1
Everton,Leicester,1.777777778,1.222222222,1.5,1.333333333,1.333333333,1.666666667,1.277777778,1.5,14.33333333,12,13.22222222,13.22222222,4.5,5.277777778,4.555555556,4.777777778,0.666666667,0.666666667,0.222222222,0.666666667,2,0,1,1,0,0
Bournemouth,Watford,1.333333333,1.1,1.055555556,1.222222222,1.555555556,1.5,1.555555556,1.388888889,12.44444444,10.6,12.05555556,12.05555556,4.722222222,3.777777778,4.666666667,3.4,0.666666667,0.9,0.444444444,0.9,1,0,0,6,1,1
Chelsea,Southampton,2.333333333,1,1.611111111,1.333333333,2.222222222,0.888888889,1.388888889,1.333333333,17.44444444,9.111111111,15.88888889,15.88888889,5.111111111,3.666666667,6.111111111,2.888888889,0.888888889,0.444444444,0.555555556,0.444444444,1,0,0,0,0,0
Huddersfield,Burnley,0.444444444,1.333333333,0.333333333,1.388888889,0.666666667,1.555555556,0.555555556,1.444444444,10.22222222,8.777777778,9.555555556,9.555555556,2.777777778,3.333333333,2.888888889,3.444444444,0.777777778,0.666666667,0.555555556,0.666666667,2,0,1,3,1,1
Newcastle,Man United,2,1.777777778,1.5,1.722222222,1.888888889,1.333333333,1.5,1.333333333,15.88888889,14.33333333,13,13,4.277777778,5.333333333,5.666666667,5.333333333,0.888888889,0.444444444,0.555555556,0.444444444,2,0,1,2,1,0
West Ham,Brighton,2,0.666666667,1.388888889,0.611111111,2,1,1.388888889,0.722222222,12.77777778,8.777777778,11.33333333,11.33333333,3.722222222,2.777777778,4.111111111,3.111111111,0.888888889,0.666666667,0.555555556,0.666666667,1,0,0,4,1,1
Wolves,Crystal Palace,2.222222222,2.111111111,1.555555556,1.666666667,1.777777778,2.222222222,1.333333333,1.888888889,15.22222222,11.44444444,11.66666667,11.66666667,3.388888889,4.055555556,5,3.888888889,0.777777778,0.555555556,0.444444444,0.555555556,2,0,1,2,1,0
Man City,Liverpool,3,2,2.833333333,2.388888889,2.444444444,1.444444444,2.277777778,2.277777778,18.55555556,11.77777778,18.11111111,18.11111111,6.833333333,5.388888889,7.777777778,4.333333333,0.666666667,0.444444444,0.555555556,0.444444444,0,1,0,3,1,1
Brighton,Liverpool,0.555555556,2.25,0.588235294,2.529411765,0.444444444,1.5,0.647058824,2.352941176,12,12.375,10.23529412,10.23529412,2.588235294,5.411764706,2.444444444,4.25,0.555555556,0.375,0.333333333,0.375,2,0,1,1,0,0
Burnley,Fulham,1.444444444,0.375,1.294117647,0.705882353,1.333333333,0.625,1.411764706,0.882352941,11.33333333,11,9.705882353,9.705882353,3.058823529,3.529411765,3.222222222,3.75,0.888888889,0.5,0.555555556,0.5,0,1,0,3,1,1
Cardiff,Huddersfield,0.875,0.222222222,0.941176471,0.352941176,1,0.444444444,0.882352941,0.529411765,10.625,8.888888889,10.88235294,10.88235294,3.470588235,2.823529412,3.875,2.666666667,0.875,0.444444444,0.5,0.444444444,1,0,0,0,0,0
Chelsea,Newcastle,2.5,1,1.647058824,1.588235294,2.5,1.111111111,1.470588235,1.588235294,17.5,10.11111111,15.82352941,15.82352941,5.058823529,4.352941176,6.125,2.888888889,1,0.333333333,0.625,0.333333333,0,1,0,3,1,1
Crystal Palace,Watford,1.222222222,1.111111111,1.588235294,1.235294118,1.555555556,1.333333333,1.882352941,1.294117647,15.55555556,10.55555556,13.29411765,13.29411765,4.058823529,3.823529412,4.222222222,3.444444444,0.888888889,0.888888889,0.555555556,0.888888889,2,0,1,3,1,1
Leicester,Southampton,1.444444444,1,1.235294118,1.352941176,1.333333333,1,1.529411765,1.411764706,18.55555556,9.5,15.70588235,15.70588235,5.352941176,3.764705882,5.777777778,3,0.666666667,0.5,0.555555556,0.5,2,0,1,3,1,1
West Ham,Arsenal,2.125,1.111111111,1.411764706,1.705882353,2,1,1.352941176,1.588235294,12.75,10.33333333,11.23529412,11.23529412,3.588235294,3.941176471,3.875,3.111111111,0.875,0.555555556,0.5,0.555555556,0,1,0,1,0,0
Everton,Bournemouth,2,0.777777778,1.588235294,1.058823529,1.5,1.555555556,1.352941176,1.470588235,14,11.66666667,13,13,4.647058824,4.294117647,4.875,4.777777778,0.75,0.555555556,0.25,0.555555556,0,1,0,2,1,0
Tottenham,Man United,2,1.625,1.352941176,1.647058824,1.6,1.25,1.235294118,1.294117647,18.3,14.125,15.94117647,15.94117647,4.705882353,5.235294118,5.3,5.125,0.6,0.5,0.4,0.5,2,0,1,1,0,0
Man City,Wolves,3,0.888888889,2.823529412,1.647058824,2.5,0.888888889,2.294117647,1.411764706,19.75,8.111111111,18.64705882,18.64705882,7,3.529411765,8.25,1.777777778,0.625,0.444444444,0.5,0.444444444,0,1,0,3,1,1
Arsenal,Chelsea,2.375,0.888888889,1.8125,1.5625,2.25,0.555555556,1.6875,1.4375,13.625,14.33333333,11.9375,11.9375,4.0625,5,4.875,4.111111111,1,0.444444444,0.375,0.444444444,0,1,0,2,1,0
Bournemouth,West Ham,1.375,0.777777778,1.125,1.3125,1.375,0.777777778,1.5625,1.375,10.875,9.888888889,11,11,4.125,3.625,3.75,3.333333333,0.625,0.333333333,0.375,0.333333333,0,1,0,2,1,0
Liverpool,Crystal Palace,2.777777778,2,2.5,1.6875,3.111111111,2.25,2.4375,1.9375,17.11111111,10.75,15.1875,15.1875,5.5625,3.9375,6.444444444,3.875,1,0.625,0.666666667,0.625,0,1,0,7,1,1
Man United,Brighton,1.666666667,0.625,1.5625,0.625,1.333333333,0.875,1.3125,0.6875,15.22222222,8.25,14.8125,14.8125,5.0625,2.75,5.333333333,2.75,0.888888889,0.625,0.555555556,0.625,0,1,0,3,1,1
Newcastle,Cardiff,2.25,1,1.6875,0.9375,2.125,0.777777778,1.625,0.9375,16.125,11.11111111,13.1875,13.1875,4.5,3.6875,6,3.111111111,0.875,0.333333333,0.625,0.333333333,0,1,0,3,1,1
Southampton,Everton,1.666666667,1.222222222,1.25,1.5,1.777777778,1.222222222,1.375,1.3125,13.33333333,12.11111111,11.75,11.75,3.8125,4.75,4.444444444,4.444444444,1,0.444444444,0.666666667,0.444444444,0,1,0,3,1,1
Watford,Burnley,1.375,1.125,1.125,1.1875,1.25,1.5,1.25,1.375,11.25,7.875,10.5625,10.5625,3.9375,3.25,4.25,2.875,0.625,0.625,0.5,0.625,1,0,0,0,0,0
Wolves,Leicester,2.5,1,1.75,1.3125,2,1.75,1.5,1.5625,16,12.5,12.375,12.375,3.75,5.3125,5.5,4.875,0.75,0.75,0.5,0.75,0,1,0,7,1,1
Fulham,Tottenham,1,0.428571429,0.75,1.4375,1.111111111,0.714285714,0.875,1.3125,12.33333333,12.57142857,11.6875,11.6875,3.5,4.3125,3.333333333,3.857142857,0.888888889,0.571428571,0.666666667,0.571428571,2,0,1,3,1,1
Huddersfield,Man City,0.5,2.666666667,0.3125,2.8125,0.625,2.111111111,0.5625,2.25,10.375,17.66666667,9.3125,9.3125,2.875,6.875,3,5.888888889,0.75,0.444444444,0.5,0.444444444,2,0,1,3,1,1
Arsenal,Cardiff,2.285714286,1.125,1.733333333,1,2.285714286,0.875,1.666666667,1,13.71428571,11.375,11.86666667,11.86666667,4,3.866666667,4.857142857,3.375,1,0.25,0.428571429,0.25,0,1,0,3,1,1
Fulham,Brighton,1.125,0.714285714,0.8,0.666666667,1.125,0.857142857,0.866666667,0.666666667,12.375,8.428571429,11.66666667,11.66666667,3.466666667,2.733333333,3.25,2.714285714,0.875,0.571428571,0.625,0.571428571,0,1,0,6,1,1
Huddersfield,Everton,0.571428571,1.375,0.333333333,1.6,0.714285714,1.25,0.6,1.333333333,11.14285714,12.75,9.6,9.6,2.933333333,4.933333333,3.142857143,4.75,0.714285714,0.375,0.428571429,0.375,2,0,1,1,0,0
Man United,Burnley,1.5,1.142857143,1.466666667,1.2,1.25,1.714285714,1.266666667,1.466666667,14.625,7.428571429,14.46666667,14.46666667,5.066666667,3.266666667,5.375,2.857142857,0.875,0.714285714,0.5,0.714285714,1,0,0,4,1,1
Newcastle,Man City,2.142857143,2.625,1.6,2.8,2,2,1.533333333,2.2,16.14285714,18.375,13,13,4.4,7.066666667,6,6.125,0.857142857,0.375,0.571428571,0.375,0,1,0,3,1,1
Wolves,West Ham,2.428571429,0.875,1.666666667,1.4,1.714285714,0.875,1.333333333,1.466666667,16.57142857,10,12.4,12.4,3.533333333,3.8,5.285714286,3.625,0.714285714,0.375,0.428571429,0.375,0,1,0,3,1,1
Bournemouth,Chelsea,1.142857143,1,1,1.666666667,1.285714286,0.625,1.533333333,1.533333333,11,14.5,11.06666667,11.06666667,4.133333333,5.266666667,3.714285714,4.5,0.571428571,0.5,0.428571429,0.5,0,1,0,4,1,1
Liverpool,Leicester,2.75,1.142857143,2.466666667,1.4,3,1.571428571,2.333333333,1.466666667,16.875,12,14.93333333,14.93333333,5.333333333,5.266666667,6.125,4.714285714,1,0.714285714,0.625,0.714285714,1,0,0,2,1,0
Southampton,Crystal Palace,1.5,2.285714286,1.133333333,1.8,1.75,2.142857143,1.333333333,1.866666667,13.625,11,11.8,11.8,3.8,4,4.5,4,1,0.571428571,0.625,0.571428571,1,0,0,2,1,0
Tottenham,Watford,2.222222222,0.875,1.333333333,1.133333333,1.777777778,1.25,1.266666667,1.333333333,18,9.875,15.73333333,15.73333333,4.266666667,3.933333333,4.666666667,3.625,0.666666667,0.875,0.444444444,0.875,0,1,0,3,1,1
Brighton,Watford,0.625,1,0.714285714,1.214285714,0.5,1.285714286,0.571428571,1.357142857,12.625,10,10.35714286,10.35714286,2.5,4.142857143,2.75,4,0.625,0.857142857,0.375,0.857142857,1,0,0,0,0,0
Burnley,Southampton,1.25,0.714285714,1.214285714,1.142857143,1.25,0.857142857,1.428571429,1.357142857,11.375,9.714285714,9.785714286,9.785714286,3.214285714,3.785714286,3.625,3,0.875,0.428571429,0.5,0.428571429,1,0,0,2,1,0
Cardiff,Bournemouth,0.857142857,0.875,1.071428571,0.857142857,1.142857143,1.75,1,1.357142857,11.71428571,11.125,11,11,4,3.928571429,4.428571429,4.5,1,0.625,0.571428571,0.625,0,1,0,2,1,0
Chelsea,Huddersfield,2.428571429,0.125,1.785714286,0.357142857,2.571428571,0.5,1.642857143,0.642857143,18.57142857,8.25,16.78571429,16.78571429,5.142857143,3,6.142857143,2.75,1,0.5,0.571428571,0.5,0,1,0,5,1,1
Crystal Palace,Fulham,1.375,0.428571429,1.857142857,0.642857143,1.625,0.571428571,1.928571429,0.642857143,15.625,10.85714286,13.35714286,13.35714286,4.071428571,3.214285714,4,3.714285714,0.875,0.428571429,0.5,0.428571429,0,1,0,2,1,0
Everton,Wolves,1.857142857,1,1.5,1.571428571,1.428571429,1,1.357142857,1.214285714,13.85714286,8.75,13.5,13.5,4.928571429,3.142857143,5.142857143,2,0.714285714,0.375,0.285714286,0.375,2,0,1,4,1,1
Tottenham,Newcastle,2.125,1.125,1.214285714,1.5,1.75,1.125,1.214285714,1.5,18.125,10.25,15.64285714,15.64285714,4.357142857,4.571428571,4.875,3,0.625,0.25,0.375,0.25,0,1,0,1,0,0
Leicester,Man United,1.625,1.428571429,1.428571429,1.5,1.375,1.285714286,1.5,1.214285714,18,14.28571429,15.92857143,15.92857143,5.5,4.785714286,5.75,4.714285714,0.625,0.571428571,0.5,0.571428571,2,0,1,1,0,0
Man City,Arsenal,3,1.25,3,1.642857143,2.428571429,1.125,2.285714286,1.642857143,19.14285714,10.25,19.21428571,19.21428571,7.285714286,4,8.142857143,3.25,0.571428571,0.625,0.428571429,0.625,0,1,0,4,1,1
West Ham,Liverpool,2,2.142857143,1.5,2.571428571,2.142857143,1.571428571,1.571428571,2.428571429,13,12.71428571,11.92857143,11.92857143,4.071428571,5.5,4,4.428571429,1,0.428571429,0.571428571,0.428571429,1,0,0,2,1,0
Everton,Man City,2.166666667,3,1.615384615,3,1.5,2.142857143,1.384615385,2.230769231,14,19.28571429,13.53846154,13.53846154,5,6.923076923,5.333333333,6.428571429,0.666666667,0.285714286,0.166666667,0.285714286,2,0,1,2,1,0
Brighton,Burnley,0.571428571,1.166666667,0.692307692,1.230769231,0.571428571,1.666666667,0.615384615,1.461538462,11.42857143,7.666666667,9.538461538,9.538461538,2.384615385,3,2.571428571,2.666666667,0.714285714,0.666666667,0.428571429,0.666666667,2,0,1,4,1,1
Crystal Palace,West Ham,1.142857143,1,1.769230769,1.538461538,1.571428571,1,1.923076923,1.615384615,15.42857143,10.85714286,13.07692308,13.07692308,3.923076923,4.230769231,3.714285714,4.142857143,0.857142857,0.285714286,0.571428571,0.285714286,1,0,0,2,1,0
Fulham,Man United,0.857142857,1.166666667,0.692307692,1.384615385,0.714285714,1.333333333,0.692307692,1.230769231,10.71428571,15,11,11,3.461538462,4.692307692,2.714285714,4.5,0.857142857,0.666666667,0.571428571,0.666666667,2,0,1,3,1,1
Huddersfield,Arsenal,0.666666667,1.428571429,0.384615385,1.769230769,0.833333333,1.142857143,0.692307692,1.692307692,11.33333333,11.14285714,9.923076923,9.923076923,3.076923077,4.153846154,3.333333333,3.428571429,0.833333333,0.571428571,0.5,0.571428571,2,0,1,3,1,1
Liverpool,Bournemouth,3,1,2.692307692,0.923076923,3.285714286,2,2.538461538,1.461538462,17.85714286,11.42857143,15.61538462,15.61538462,5.461538462,4.076923077,6.571428571,4.857142857,1,0.714285714,0.714285714,0.714285714,0,1,0,3,1,1
Southampton,Cardiff,1.571428571,1.285714286,1.153846154,0.923076923,1.857142857,0.857142857,1.384615385,0.923076923,13.71428571,10.28571429,11.84615385,11.84615385,3.769230769,3.923076923,4.571428571,3.571428571,1,0.142857143,0.714285714,0.142857143,2,0,1,3,1,1
Watford,Everton,1.428571429,1.142857143,1.230769231,1.75,1.428571429,1.285714286,1.461538462,1.5,11.57142857,13.14285714,11.23076923,12.16666667,4.461538462,5.333333333,4.285714286,4.714285714,0.714285714,0.428571429,0.571428571,0.428571429,0,1,0,1,0,0
Man City,Chelsea,3,1.142857143,3,1.692307692,2.333333333,0.714285714,2.25,1.384615385,19.16666667,15,19.58333333,18.07692308,7.166666667,5,7.5,4.142857143,0.5,0.428571429,0.333333333,0.428571429,0,1,0,6,1,1
Tottenham,Leicester,2,1.166666667,1.076923077,1.538461538,1.857142857,1.666666667,1.230769231,1.615384615,17.71428571,13.16666667,15.23076923,15.23076923,4.384615385,5.461538462,5,5.166666667,0.714285714,0.833333333,0.428571429,0.833333333,0,1,0,4,1,1
Wolves,Newcastle,2.333333333,1.285714286,1.461538462,1.615384615,1.5,1.285714286,1.076923077,1.615384615,16,10.57142857,12.15384615,12.15384615,3.076923077,4.769230769,4.666666667,3.142857143,0.666666667,0.285714286,0.333333333,0.285714286,1,0,0,2,1,0
Cardiff,Watford,0.5,1,0.75,1.083333333,1,1.5,0.833333333,1.5,11.66666667,10.83333333,11.33333333,11.33333333,4,4.666666667,4.333333333,4.666666667,1,1,0.666666667,1,2,0,1,6,1,1
West Ham,Fulham,2.166666667,0.5,1.583333333,0.75,2.333333333,0.666666667,1.666666667,0.75,13,11.33333333,12.33333333,12.33333333,4.25,3.5,4.333333333,4.333333333,1,0.5,0.666666667,0.5,0,1,0,4,1,1
Bournemouth,Wolves,0.833333333,0.714285714,1,1.5,0.833333333,0.714285714,1.583333333,1.083333333,10.83333333,8.857142857,11.08333333,11.08333333,4.25,2.833333333,3.166666667,1.714285714,0.5,0.285714286,0.333333333,0.285714286,1,0,0,2,1,0
Burnley,Tottenham,1.285714286,0,1.083333333,0.916666667,1.285714286,0.5,1.333333333,1.083333333,10.85714286,12.33333333,9.416666667,9.416666667,2.833333333,4.333333333,3.285714286,3.666666667,0.857142857,0.5,0.571428571,0.5,0,1,0,3,1,1
Leicester,Crystal Palace,1.857142857,2.5,1.666666667,1.833333333,1.571428571,2.333333333,1.666666667,2,18.14285714,10.33333333,15.5,15.5,5.166666667,3.833333333,5.714285714,4.166666667,0.714285714,0.666666667,0.571428571,0.666666667,2,0,1,5,1,1
Newcastle,Huddersfield,2,0.142857143,1.666666667,0.416666667,2,0.571428571,1.666666667,0.666666667,17.83333333,8.714285714,14.33333333,14.33333333,4.916666667,2.833333333,6.666666667,2.857142857,0.833333333,0.428571429,0.5,0.428571429,0,1,0,2,1,0
Arsenal,Southampton,2.166666667,0.666666667,1.666666667,1.25,2.333333333,0.833333333,1.666666667,1.416666667,13.5,9.666666667,12.5,12.5,4.166666667,3.5,5,2.833333333,1,0.5,0.333333333,0.5,0,1,0,2,1,0
Man United,Liverpool,1.571428571,2.333333333,1.25,2.666666667,1.142857143,1.666666667,1.083333333,2.5,12.71428571,13,13.66666667,13.66666667,4.5,5.166666667,4.857142857,4.166666667,0.857142857,0.5,0.428571429,0.5,1,0,0,0,0,0
Cardiff,Everton,0.6,1.333333333,0.818181818,1.909090909,1,1.5,0.818181818,1.636363636,11,13.83333333,11,11,3.818181818,5.454545455,4,4.833333333,1,0.5,0.6,0.5,2,0,1,3,1,1
Huddersfield,Wolves,0.8,0.666666667,0.454545455,1.545454545,0.8,0.666666667,0.727272727,1.090909091,10.6,8.666666667,10.09090909,10.09090909,3,2.909090909,2.8,1.666666667,0.8,0.333333333,0.4,0.333333333,0,1,0,1,0,0
Leicester,Brighton,2.166666667,0.833333333,1.818181818,0.75,1.666666667,0.666666667,1.727272727,0.583333333,16.66666667,7.333333333,14.45454545,13.25,5.181818182,2.083333333,5.833333333,2.166666667,0.666666667,0.5,0.5,0.5,0,1,0,3,1,1
Newcastle,Burnley,1.8,0.8,1.545454545,0.909090909,2,1.4,1.636363636,1.272727273,15.6,7.4,13,13,4.272727273,2.727272727,5.6,2.2,0.8,0.6,0.6,0.6,0,1,0,2,1,0
Arsenal,Bournemouth,2,1.166666667,1.545454545,1,2.4,2.333333333,1.636363636,1.636363636,13.8,11.33333333,12.54545455,12.54545455,4.181818182,4.363636364,5.2,5.333333333,1,0.666666667,0.4,0.666666667,0,1,0,6,1,1
Chelsea,Tottenham,2.333333333,0,1.833333333,1,2.166666667,0.4,1.5,1.090909091,17.83333333,11.4,16.66666667,18.18181818,5.083333333,4.181818182,6,3.2,1,0.4,0.5,0.4,0,1,0,2,1,0
Crystal Palace,Man United,1.166666667,0.8,1.727272727,1.272727273,1.666666667,1,1.818181818,1.181818182,13.83333333,15,12.54545455,12.54545455,3.727272727,4.636363636,3.5,4,0.833333333,0.6,0.666666667,0.6,2,0,1,4,1,1
Liverpool,Watford,3,0.6,2.818181818,0.909090909,3.333333333,0.8,2.727272727,1.181818182,17.5,10.6,16,16,5.545454545,4.454545455,6.166666667,4.2,1,1,0.666666667,1,0,1,0,5,1,1
Man City,West Ham,3,1,3,1.454545455,1.6,1,1.909090909,1.545454545,20,11.66666667,20,20,7,4,7.2,4.166666667,0.4,0.333333333,0.2,0.333333333,0,1,0,1,0,0
Southampton,Fulham,1.833333333,0.6,1.363636364,0.818181818,2,0.6,1.545454545,0.727272727,13.66666667,12,11.81818182,11.81818182,3.454545455,3.363636364,4.166666667,4.2,1,0.4,0.666666667,0.4,0,1,0,2,1,0
Bournemouth,Man City,0.8,3,1.1,3,0.8,2.166666667,1.7,2,11,20,11,11,4.3,7,3.2,6.833333333,0.4,0.333333333,0.4,0.333333333,2,0,1,1,0,0
Brighton,Huddersfield,0.666666667,0.166666667,0.818181818,0.2,0.5,0.666666667,0.545454545,0.7,10.66666667,9.666666667,8.454545455,9.3,2,3,2,3.166666667,0.666666667,0.5,0.333333333,0.5,0,1,0,1,0,0
Burnley,Crystal Palace,1,2.4,1,1.9,1.166666667,2,1.4,1.9,11,11,9.1,9.1,2.8,3.9,3.166666667,4,0.833333333,0.6,0.5,0.6,2,0,1,4,1,1
Man United,Southampton,1.666666667,0.8,1.1,1.2,1.333333333,1,1,1.5,13.83333333,9.6,14.5,14.5,4.7,3.4,5.166666667,2.6,1,0.6,0.5,0.6,0,1,0,5,1,1
Tottenham,Arsenal,1.833333333,1.166666667,1.1,1.4,1.666666667,1,1.2,1.3,18.66666667,11.5,16,16,4.6,4,5,3.333333333,0.666666667,0.5,0.333333333,0.5,1,0,0,2,1,0
West Ham,Newcastle,2,1.333333333,1.6,1.4,2.2,1.333333333,1.7,1.6,11.4,10.83333333,12.5,12.5,4.3,4.4,3.8,3.166666667,1,0.333333333,0.6,0.333333333,0,1,0,2,1,0
Wolves,Cardiff,2.6,1,1.7,0.9,1.6,0.666666667,1.2,0.9,14.8,11,11.9,11.9,3.2,4.2,4.4,3.666666667,0.6,0,0.4,0,0,1,0,2,1,0
Everton,Liverpool,2.6,2.6,1.8,2.8,1.8,2,1.5,2.5,16,14.2,15.1,15.1,5.6,5.1,6.2,4.8,0.6,0.6,0.2,0.6,1,0,0,0,0,0
Fulham,Chelsea,1,1.333333333,0.9,1.727272727,0.833333333,0.833333333,0.8,1.454545455,10,15.5,10.6,9.636363636,3.3,5.454545455,2.666666667,4.166666667,0.833333333,0.333333333,0.5,0.333333333,2,0,1,3,1,1
Watford,Leicester,1.166666667,1.4,1,1.7,1.5,1.8,1.3,1.7,12.33333333,11.8,12.2,12.2,4.6,5.4,4.666666667,4.4,0.833333333,0.8,0.666666667,0.8,0,1,0,3,1,1
Cardiff,West Ham,0.75,1.2,1,1.444444444,1.25,1.2,1,1.666666667,12.25,13.6,11.44444444,11.44444444,4.222222222,4.333333333,5,4.8,1,0.4,0.5,0.4,0,1,0,2,1,0
Crystal Palace,Brighton,1.4,1,1.777777778,0.6,1.8,0.6,1.777777778,0.5,13.2,5.8,12.33333333,11.1,3.888888889,1.8,3.8,2,0.8,0.4,0.6,0.4,2,0,1,3,1,1
Huddersfield,Bournemouth,0.25,1.4,0.222222222,1.222222222,0.75,2.6,0.777777778,1.888888889,9.5,11,10,10,2.888888889,4.777777778,2.75,5.4,1,0.6,0.5,0.6,2,0,1,2,1,0
Leicester,Fulham,2,0.75,1.888888889,1,1.6,0.75,1.777777778,0.777777778,16.2,11.5,14,14,5.777777778,3.111111111,6.4,4.25,0.6,0.5,0.4,0.5,0,1,0,4,1,1
Man City,Watford,3,0.75,3,0.777777778,1.75,1,2.111111111,1.222222222,20,12,19.66666667,19.66666667,7,4.555555556,7.25,4.5,0.5,1,0.25,1,0,1,0,4,1,1
Newcastle,Everton,1.5,1,1.555555556,1.888888889,2,1.2,1.777777778,1.666666667,16.5,14.2,12.66666667,12.66666667,4.666666667,5.888888889,6.25,5,0.75,0.4,0.75,0.4,0,1,0,5,1,1
Southampton,Tottenham,1.6,0,1.333333333,1.111111111,2,0.5,1.444444444,1.222222222,13.6,12,12.22222222,12.22222222,3.444444444,4.777777778,4.2,4,1,0.5,0.8,0.5,0,1,0,3,1,1
Arsenal,Man United,1.75,0.25,1.444444444,0.888888889,1.75,0.5,1.333333333,0.777777778,13.25,15.5,12.55555556,12.55555556,4,4.555555556,5,4,1,0.5,0.25,0.5,0,1,0,2,1,0
Chelsea,Wolves,2.2,0.8,1.6,1.555555556,2.2,0.8,1.4,1.111111111,19.2,9,16.9,18.77777778,5.3,2.888888889,7,2,1,0.4,0.6,0.4,1,0,0,2,1,0
Liverpool,Burnley,3,1,3,1.111111111,3,1.75,2.777777778,1.444444444,17.2,6.25,16.33333333,16.33333333,5.333333333,2.666666667,5.4,2.25,1,0.75,0.6,0.75,0,1,0,6,1,1
Bournemouth,Newcastle,1,1.6,1,1.375,1,1.6,1.875,1.625,13.75,9.6,12.75,12.75,4.75,4.375,4,3.4,0.5,0.4,0.5,0.4,1,0,0,4,1,1
Burnley,Leicester,1.2,1.75,1.25,1.75,1.2,2,1.375,1.625,9.6,11.25,8.75,8.75,2.75,5.5,3,5,0.8,0.75,0.4,0.75,2,0,1,3,1,1
West Ham,Huddersfield,1.75,0.2,1.625,0.25,2.25,0.8,1.875,0.875,11.75,10.4,13.25,13.25,4.625,3.125,3.75,3,1,0.6,0.75,0.6,0,1,0,7,1,1
Everton,Chelsea,3,1,2.125,1.666666667,2.25,0.6,1.625,1.444444444,18.25,14.6,17.125,15.22222222,6.25,5.222222222,7,3.6,0.75,0.2,0.25,0.2,0,1,0,2,1,0
Fulham,Liverpool,1.2,3,1.125,3,0.8,2.5,0.75,2.625,9.6,15.25,11,11,3.125,5.375,2.2,5.25,0.8,0.75,0.4,0.75,2,0,1,3,1,1
Brighton,Southampton,0.2,1,0.333333333,1.125,0.4,0.75,0.333333333,1.375,10.2,10.5,8.444444444,9.5,1.666666667,3.375,1.6,2.5,0.8,0.5,0.4,0.5,2,0,1,1,0,0
Burnley,Wolves,1.5,0.75,1.428571429,1.625,1.25,0.75,1.428571429,1.125,8.75,10.75,8.142857143,7.125,2.857142857,3.125,3.25,2.25,0.75,0.5,0.25,0.5,0,1,0,2,1,0
Crystal Palace,Huddersfield,1.75,0.25,2,0.285714286,2,0.25,1.875,0.571428571,12.75,9.25,12,13.71428571,4,2.857142857,4,2.5,0.75,0.5,0.5,0.5,0,1,0,2,1,0
Fulham,Man City,1.5,3,1.285714286,3,0.75,2.4,0.714285714,2,10.25,19.4,11.57142857,10.125,3.285714286,6.75,2.25,6.8,0.75,0.4,0.25,0.4,2,0,1,2,1,0
Leicester,Bournemouth,1.75,1,1.571428571,1,1.25,2.75,1.571428571,1.857142857,15.75,11.75,14.14285714,14.14285714,5.714285714,5,6,5.5,0.5,0.75,0.25,0.75,0,1,0,2,1,0
Man United,Watford,1.4,1,1,0.875,1,1,0.875,1.25,13.4,15.33333333,14.375,14.375,4.625,5,5,5.666666667,1,1,0.4,1,0,1,0,3,1,1
West Ham,Everton,1.333333333,1.25,1.428571429,2,1.666666667,1,1.571428571,1.571428571,10.33333333,16,12.85714286,12.85714286,4.571428571,6,3.333333333,5.5,1,0.25,0.666666667,0.25,2,0,1,2,1,0
Cardiff,Chelsea,0,1.25,0.75,1.875,1,0.75,0.875,1.625,11,14.25,10.875,10.875,3.875,5.25,4.333333333,3.25,1,0.25,0.666666667,0.25,2,0,1,3,1,1
Liverpool,Tottenham,3,0,3,1.25,2.75,0.333333333,2.714285714,1.25,15.75,10.66666667,15.42857143,13.5,5.285714286,4.75,5.5,3.666666667,1,0.333333333,0.5,0.333333333,0,1,0,3,1,1
Arsenal,Newcastle,1.333333333,1.75,1.25,1.428571429,1.666666667,1.5,1.25,1.571428571,13,9,12.375,14.14285714,4.125,4.428571429,5.666666667,3.25,1,0.25,0.333333333,0.25,0,1,0,2,1,0
Watford,Fulham,0.8,1,1,1.5,1.4,0.666666667,1.285714286,0.833333333,13.6,13.33333333,13.42857143,15.66666667,4.571428571,3.833333333,4.6,4.666666667,0.8,0.333333333,0.6,0.333333333,0,1,0,5,1,1
Wolves,Man United,2.5,0.333333333,1.857142857,0.714285714,1.5,0.666666667,1.285714286,0.714285714,15.25,16,13.71428571,13.71428571,3.428571429,4.571428571,4,4,0.5,0.666666667,0.5,0.666666667,0,1,0,3,1,1
Chelsea,Brighton,2.5,0.5,1.714285714,0.375,2.5,0.25,1.571428571,0.375,18.5,6.25,15.71428571,13.75,5.571428571,1.75,7.25,1.75,1,0.25,0.75,0.25,0,1,0,3,1,1
Man City,Cardiff,3,1.2,3,0.857142857,1.333333333,0.8,2,0.857142857,20.33333333,10.8,19.14285714,19.14285714,6.714285714,4,6.666666667,3.6,0.333333333,0,0,0,0,1,0,2,1,0
Tottenham,Crystal Palace,2,2.25,1.428571429,1.857142857,1.8,1.75,1.285714286,1.857142857,20.4,11.25,17.57142857,17.57142857,5.142857143,3.857142857,5.4,4,0.6,0.5,0.4,0.5,0,1,0,2,1,0
Southampton,Liverpool,1.25,3,0.857142857,3,2,2.666666667,1.428571429,2.833333333,14,15,12.85714286,15,3.571428571,5.666666667,4.25,5,1,0.666666667,0.75,0.666666667,2,0,1,4,1,1
Bournemouth,Burnley,1,1.333333333,1.166666667,1.166666667,0.666666667,1.666666667,2.166666667,1.333333333,15,7.333333333,14,14,5.5,3.166666667,4.333333333,2.333333333,0.333333333,0.666666667,0.333333333,0.666666667,2,0,1,4,1,1
Huddersfield,Leicester,0.333333333,1.333333333,0.333333333,1.333333333,1,2,0.666666667,1.5,10,12,8.666666667,8.666666667,2.5,6,3.333333333,5.333333333,1,0.666666667,0.666666667,0.666666667,2,0,1,5,1,1
Newcastle,Crystal Palace,1,3,1.666666667,2.166666667,1.666666667,2.333333333,1.833333333,2.166666667,15.66666667,13.33333333,13.33333333,13.33333333,5,4.333333333,6,5,0.666666667,0.666666667,0.666666667,0.666666667,2,0,1,1,0,0
Everton,Arsenal,3,1.2,1.833333333,1,2.333333333,1,1.5,1.142857143,19.33333333,12,17.5,15,5.5,4.142857143,6.666666667,3.2,0.666666667,0.6,0.333333333,0.6,0,1,0,1,0,0
Chelsea,West Ham,2.333333333,1.5,1.5,1.666666667,2.333333333,1.5,1.333333333,1.833333333,19,14.75,15.5,15.5,5.833333333,5.166666667,8.333333333,5.5,1,0.5,0.666666667,0.5,0,1,0,2,1,0
Leicester,Newcastle,1.333333333,2.333333333,1,2,1,2,1,2.2,15,11,12.6,12.6,5.4,5,6.666666667,4,0.333333333,0.333333333,0.333333333,0.333333333,2,0,1,1,0,0
Brighton,Bournemouth,0.25,1.333333333,0.428571429,1.4,0.5,3.666666667,0.428571429,2.4,9.25,13,8.428571429,11.8,1.857142857,6.2,1.75,6.666666667,1,1,0.5,1,2,0,1,5,1,1
Burnley,Cardiff,1,1.5,0.8,1,1,1,1,1,10,12.5,8.2,6.833333333,3.2,4.5,4,4.25,0.666666667,0,0.333333333,0,0,1,0,2,1,0
Fulham,Everton,2,0.666666667,1.8,1.6,1,0.666666667,0.8,1.6,12,15.66666667,11.8,11.8,3.2,5.4,3,4.333333333,0.666666667,0.333333333,0.333333333,0.333333333,0,1,0,2,1,0
Man United,West Ham,1,2,0.833333333,2,0.75,2,0.666666667,2.2,14.75,16.66666667,14.83333333,17.8,4.666666667,5.8,5,6.666666667,1,0.666666667,0.25,0.666666667,0,1,0,3,1,1
Southampton,Wolves,1.666666667,1,1,1.666666667,2.333333333,1,1.5,1.166666667,15,11.66666667,13.16666667,13.16666667,4,3.666666667,5.333333333,2.666666667,1,0.666666667,0.666666667,0.666666667,0,1,0,4,1,1
Tottenham,Huddersfield,1.75,0.333333333,1.166666667,0.4,1.75,0.333333333,1.166666667,0.6,19,7.333333333,16.16666667,19.4,4.333333333,2.2,4.25,1.666666667,0.5,0.666666667,0.5,0.666666667,0,1,0,4,1,1
Crystal Palace,Man City,1.333333333,3,2,3,2,2.5,2.4,2,10.66666667,18.25,13.8,11.5,5,6,3.666666667,6.75,0.666666667,0.5,0.666666667,0.5,2,0,1,4,1,1
Liverpool,Chelsea,3,0.666666667,3,1.2,3,0.333333333,2.8,1.2,16.33333333,12,15.4,15.4,5.8,5.6,6.333333333,3.333333333,1,0,0.333333333,0,0,1,0,2,1,0
Watford,Arsenal,0.25,1.5,0.666666667,1.166666667,0.75,1.25,0.833333333,1.333333333,13.25,13.25,13.16666667,13.16666667,4.166666667,4.5,4,3.5,0.75,0.75,0.5,0.75,2,0,1,1,0,0
Brighton,Cardiff,0.333333333,2,0.5,1.2,0.666666667,1.333333333,0.5,1.2,9.666666667,12,8.5,10.2,2,5,2,5,1,0,0.333333333,0,2,0,1,2,1,0
Bournemouth,Fulham,1.5,1.5,1,1.5,0.5,0.5,1.75,0.5,17.5,11.5,15,15,6,2.75,5.5,3.5,0,0,0,0,2,0,1,1,0,0
Huddersfield,Watford,0.5,1.5,0.5,0.8,1,1,0.75,1,10,13,8.75,7,2.5,4.4,3,4.5,1,1,0.5,1,2,0,1,3,1,1
Man City,Tottenham,3,0,3,0.8,1,0,1.8,0.6,17,10.5,17.4,17.4,6,4.2,4.5,4.5,0,0,0,0,0,1,0,1,0,0
Newcastle,Southampton,1.5,0.333333333,1.75,0.6,2.5,0.666666667,2.5,1.2,14.5,11.33333333,12.75,10.2,5,3.6,6.5,2.666666667,1,0.666666667,1,0.666666667,0,1,0,4,1,1
West Ham,Leicester,2,0.5,2.5,1.25,2.5,1,2.5,1.25,14,9,15,15,6.25,5.5,4.5,3.5,1,0.5,1,0.5,1,0,0,4,1,1
Wolves,Brighton,2.333333333,0.666666667,2,0.6,1.333333333,0.333333333,1.2,0.6,17.33333333,7.333333333,14,14,4,2,4.666666667,2,0.333333333,0,0.333333333,0,1,0,0,0,0,0
Arsenal,Crystal Palace,0.5,3,0.8,2.5,1.5,3,1.4,2.75,16,18.5,13.2,16.5,4.2,5.5,6.5,7,1,1,0.5,1,2,0,1,5,1,1
Cardiff,Liverpool,0,3,0.75,3,1,2.5,1,3,12.5,14,12.75,12.75,5.5,5.5,5,5,1,0.5,0.5,0.5,2,0,1,2,1,0
Everton,Man United,3,0.5,2,0.4,3,0.5,2,0.4,17.5,15,18.5,14.8,6.5,4.8,7,4,1,0.5,0.5,0.5,0,1,0,4,1,1
Chelsea,Burnley,2,0.5,1.5,0.25,2.5,1,1.5,0.75,20.5,5.5,17.75,17.75,6.25,2.25,9,2,1,0.5,1,0.5,1,0,0,4,1,1
Tottenham,Brighton,1.333333333,0.5,1,0.5,1,0.5,0.75,0.75,18,8.5,16.25,16.25,4.25,2.5,4,3,0.333333333,0,0.333333333,0,0,1,0,1,0,0
Watford,Southampton,0.333333333,0.5,0.25,0.75,1,0.5,0.75,1.25,14,9.5,14.25,14.25,4,3.75,4.333333333,2.5,1,0.5,0.666666667,0.5,1,0,0,2,1,0
Man United,Man City,0.333333333,3,0.5,3,0.333333333,2.333333333,0.5,2,15,17.66666667,17,17,5.75,6.5,5.333333333,7,1,0.333333333,0,0.333333333,2,0,1,2,1,0
Wolves,Arsenal,3,1,2.25,1,2,1.333333333,1.5,1.25,15,11.33333333,12,12,3.75,4,4.5,2.666666667,0.5,1,0.5,1,0,1,0,4,1,1
Liverpool,Huddersfield,3,0.5,3,0.666666667,3.5,0.5,3.333333333,0.666666667,17,7.5,15,15,5.333333333,2.333333333,6,2,1,0.5,0.5,0.5,0,1,0,5,1,1
Brighton,Newcastle,0.5,2,0.666666667,1.333333333,1,2.5,1,2.333333333,7.5,11,8.666666667,8.666666667,3,4.666666667,2,3.5,1,0.5,0.5,0.5,1,0,0,2,1,0
Crystal Palace,Everton,2,1,2.333333333,1.666666667,2.5,1,2.666666667,1.333333333,12.5,19.5,15.33333333,15.33333333,5,6,4,6,0.5,0.5,0.5,0.5,1,0,0,0,0,0
Fulham,Cardiff,1.5,1.5,1,1,0.5,1,0.333333333,1.333333333,12,13,10,10,2,6.666666667,2,6,0.5,0,0.5,0,0,1,0,1,0,0
Southampton,Bournemouth,1,0.5,0.666666667,1.333333333,2,3,1.333333333,2.333333333,16,12.5,14.33333333,14.33333333,3.666666667,6.333333333,5,6.5,1,1,0.5,1,1,0,0,6,1,1
Tottenham,West Ham,0.5,3,0.333333333,3,1,2.5,0.666666667,2.666666667,12.5,16,12,12,4,7.333333333,3.5,8,0.5,0.5,0.5,0.5,2,0,1,1,0,0
Watford,Wolves,0,1.5,0,2,1,1,0.666666667,1,13.5,9,14,14,4,4,4.5,3,1,0.5,1,0.5,2,0,1,3,1,1
Burnley,Man City,0,3,0,3,0.5,2.5,0.333333333,2,8,22.5,7,7,2,7,2.5,8,0.5,0.5,0.5,0.5,2,0,1,1,0,0
Leicester,Arsenal,2,1.5,1.333333333,1.333333333,1.5,1.5,1,1.333333333,16.5,11.5,13.33333333,13.33333333,5.666666667,5,7.5,3.5,0.5,1,0.5,1,0,1,0,3,1,1
Man United,Chelsea,0.5,1,0.666666667,1.666666667,0.5,0.5,0.666666667,1.333333333,16.5,15,18.66666667,18.66666667,7.333333333,5.333333333,7.5,3.5,1,0,0,0,1,0,0,2,1,0
Everton,Burnley,3,0,2,0,2,0,2,0.5,20,5,18.5,18.5,7.5,3,6,1,1,0,0,0,0,1,0,2,1,0
Bournemouth,Tottenham,3,0,1.5,0.5,1,0,2,1,20,11,18,18,7,4,6,5,0,0,0,0,0,1,0,1,0,0
Cardiff,Crystal Palace,0,3,1.5,3,2,3,2,4,18,21,15.5,15.5,6,7.5,8,7,1,1,1,1,2,0,1,5,1,1
Newcastle,Liverpool,0,3,1.5,3,2,3,3,2.5,14,11,13.5,13.5,6.5,4.5,7,4,1,1,1,1,2,0,1,5,1,1
West Ham,Southampton,3,0,3,0.5,3,0,3.5,0.5,17,11,16.5,16.5,7.5,2,6,1,1,1,1,1,0,1,0,3,1,1
Wolves,Fulham,3,0,1.5,0,1,0,0.5,0,19,6,13,13,4,2,6,2,0,0,0,0,0,1,0,1,0,0
Arsenal,Brighton,1,1,2,0.5,1,1,2,1,20,11,18.5,18.5,7,3.5,8,5,1,0,0,0,1,0,0,2,1,0
Chelsea,Watford,3,0,2,0,3,0,1.5,0.5,19,15,16.5,16.5,6.5,5.5,9,3,1,1,1,1,0,1,0,3,1,1
Huddersfield,Man United,1,1,1,0.5,1,1,1,0.5,7,23,8.5,8.5,3,8.5,3,7,1,0,0,0,1,0,0,2,1,0
Man City,Leicester,3,0,3,0.5,1,0,2.5,0,19,7,19.5,19.5,7,2.5,5,2,0,0,0,0,0,1,0,1,0,0
Brighton,Man City,0,3,0,3,1,4,1,4,6,20,6,6,2,9,2,9,1,1,1,1,2,0,1,5,1,1
Burnley,Arsenal,0,3,0,3,1,3,1,3,14,17,14,14,5,6,5,6,1,1,1,1,2,0,1,4,1,1
Crystal Palace,Bournemouth,3,0,3,0,5,3,5,3,17,16,17,17,8,8,8,8,1,1,1,1,0,1,0,8,1,1
Fulham,Newcastle,0,3,0,3,0,4,0,4,16,13,16,16,2,6,2,6,1,1,1,1,2,0,1,4,1,1
Leicester,Chelsea,1,1,1,1,0,0,0,0,9,14,9,9,3,4,3,4,0,0,0,0,1,0,0,0,0,0
Liverpool,Wolves,3,0,3,0,2,0,2,0,13,7,13,13,5,2,5,2,1,0,0,0,0,1,0,2,1,0
Man United,Cardiff,0,3,0,3,0,2,0,2,26,13,26,26,10,4,10,4,1,0,0,0,2,0,1,2,1,0
Southampton,Huddersfield,1,1,1,1,1,1,1,1,10,10,10,10,3,3,3,3,1,0,0,0,1,0,0,2,1,0
Tottenham,Everton,1,1,1,1,2,2,2,2,11,17,11,11,3,9,3,9,1,1,1,1,1,0,0,4,1,1
Watford,West Ham,0,3,0,3,1,4,1,4,17,16,17,17,8,9,8,9,1,1,1,1,2,0,1,5,1,1
